Source,Destination,Distance(M)
City_24,City_47,1114251
City_24,City_31,97187
City_24,City_54,1716028
City_24,City_53,1729925
City_24,City_19,1594107
City_24,City_12,774894
City_24,City_46,1146028
City_24,City_45,1147045
City_24,City_51,1107377
City_24,City_6,1688216
City_24,City_20,1615472
City_24,City_56,1636630
City_24,City_35,1053903
City_24,City_48,1300876
City_24,City_57,1680767
City_24,City_58,1631525
City_24,City_42,779502
City_24,City_13,1196159
City_24,City_14,1196841
City_24,City_37,241951
City_24,City_30,120625
City_24,City_5,1856194
City_24,City_41,1125010
City_24,City_52,1824783
City_24,City_26,483390
City_24,City_21,1726673
City_24,City_28,112889
City_24,City_36,655734
City_24,City_44,998340
City_24,City_43,1000942
City_24,City_10,573372
City_24,City_32,769950
City_24,City_33,765534
City_24,City_3,1737701
City_24,City_9,841611
City_24,City_34,1046816
City_24,City_59,1333367
City_24,City_16,1524304
City_24,City_29,112018
City_24,City_8,274070
City_24,City_40,1103678
City_24,City_11,537148
City_24,City_23,218056
City_24,City_4,1088437
City_24,City_25,185072
City_24,City_15,1483195
City_24,City_27,171089
City_24,City_55,1555616
City_24,City_39,284642
City_24,City_49,731149
City_24,City_17,1519676
City_24,City_38,298368
City_24,City_0,153665
City_24,City_1,134367
City_24,City_22,247702
City_24,City_2,130014
City_24,City_18,1506572
City_24,City_50,686933
City_24,City_60,2148113
City_24,City_7,1941250
City_24,City_61,737692
City_47,City_24,1116847
City_47,City_31,1030416
City_47,City_54,2294423
City_47,City_53,2308320
City_47,City_19,742750
City_47,City_12,1137421
City_47,City_46,236963
City_47,City_45,235156
City_47,City_51,767505
City_47,City_6,1038005
City_47,City_20,745051
City_47,City_56,955834
City_47,City_35,1371693
City_47,City_48,210488
City_47,City_57,968857
City_47,City_58,968184
City_47,City_42,372929
City_47,City_13,1237404
City_47,City_14,1236783
City_47,City_37,977606
City_47,City_30,1014362
City_47,City_5,2434589
City_47,City_41,746016
City_47,City_52,805068
City_47,City_26,1035618
City_47,City_21,605779
City_47,City_28,1032730
City_47,City_36,894265
City_47,City_44,570266
City_47,City_43,570681
City_47,City_10,1139643
City_47,City_32,354584
City_47,City_33,356116
City_47,City_3,1808219
City_47,City_9,1667713
City_47,City_34,1305839
City_47,City_59,1089026
City_47,City_16,642792
City_47,City_29,1041207
City_47,City_8,854835
City_47,City_40,724684
City_47,City_11,1363250
City_47,City_23,914260
City_47,City_4,1486358
City_47,City_25,938803
City_47,City_15,657882
City_47,City_27,975757
City_47,City_55,2134011
City_47,City_39,875646
City_47,City_49,831752
City_47,City_17,635059
City_47,City_38,970446
City_47,City_0,1039934
City_47,City_1,1060879
City_47,City_22,889536
City_47,City_2,1041012
City_47,City_18,642500
City_47,City_50,859440
City_47,City_60,1912116
City_47,City_7,1276660
City_47,City_61,839570
City_31,City_24,100228
City_31,City_47,1025732
City_31,City_54,1798391
City_31,City_53,1812288
City_31,City_19,1505588
City_31,City_12,830086
City_31,City_46,1101108
City_31,City_45,1102125
City_31,City_51,1019773
City_31,City_6,1658135
City_31,City_20,1526953
City_31,City_56,1606549
City_31,City_35,1082886
City_31,City_48,1212357
City_31,City_57,1650686
City_31,City_58,1601444
City_31,City_42,749421
City_31,City_13,1248448
City_31,City_14,1247827
City_31,City_37,174622
City_31,City_30,149684
City_31,City_5,1938557
City_31,City_41,1111041
City_31,City_52,1779863
City_31,City_26,514946
City_31,City_21,1638154
City_31,City_28,58358
City_31,City_36,673284
City_31,City_44,968772
City_31,City_43,967545
City_31,City_10,585430
City_31,City_32,681431
City_31,City_33,677015
City_31,City_3,1753916
City_31,City_9,923974
City_31,City_34,1075799
City_31,City_59,1323772
City_31,City_16,1435785
City_31,City_29,48291
City_31,City_8,243989
City_31,City_40,1089709
City_31,City_11,619511
City_31,City_23,187975
City_31,City_4,1129745
City_31,City_25,148153
City_31,City_15,1394676
City_31,City_27,113184
City_31,City_55,1637979
City_31,City_39,196123
City_31,City_49,643545
City_31,City_17,1431157
City_31,City_38,231039
City_31,City_0,118363
City_31,City_1,99404
City_31,City_22,217538
City_31,City_2,96495
City_31,City_18,1418053
City_31,City_50,599329
City_31,City_60,2138518
City_31,City_7,1911169
City_31,City_61,650088
City_54,City_24,1719341
City_54,City_47,2302410
City_54,City_31,1804665
City_54,City_53,18285
City_54,City_19,3036203
City_54,City_12,1195548
City_54,City_46,2209604
City_54,City_45,2210518
City_54,City_51,2775720
City_54,City_6,2515391
City_54,City_20,3038504
City_54,City_56,2567794
City_54,City_35,968106
City_54,City_48,2441150
City_54,City_57,2614365
City_54,City_58,2549306
City_54,City_42,1938520
City_54,City_13,1302027
City_54,City_14,1304637
City_54,City_37,1954306
City_54,City_30,1652337
City_54,City_5,534304
City_54,City_41,1971630
City_54,City_52,2889181
City_54,City_26,1420326
City_54,City_21,2888241
City_54,City_28,1753239
City_54,City_36,1426135
City_54,City_44,1844960
City_54,City_43,1847562
City_54,City_10,1286885
City_54,City_32,2160818
City_54,City_33,2140999
City_54,City_3,1484202
City_54,City_9,556025
City_54,City_34,1032819
City_54,City_59,1909965
City_54,City_16,2936245
City_54,City_29,1776212
City_54,City_8,1744257
City_54,City_40,1950298
City_54,City_11,1233340
City_54,City_23,1726623
City_54,City_4,851283
City_54,City_25,1774390
City_54,City_15,2930492
City_54,City_27,1762160
City_54,City_55,261107
City_54,City_39,1941707
City_54,City_49,2441318
City_54,City_17,2928512
City_54,City_38,2010723
City_54,City_0,1866020
City_54,City_1,1846722
City_54,City_22,1686835
City_54,City_2,1842369
City_54,City_18,2935953
City_54,City_50,2397102
City_54,City_60,2459212
City_54,City_7,2702529
City_54,City_61,2447861
City_53,City_24,1721435
City_53,City_47,2304504
City_53,City_31,1806759
City_53,City_54,18106
City_53,City_19,3038297
City_53,City_12,1197642
City_53,City_46,2211698
City_53,City_45,2212612
City_53,City_51,2777814
City_53,City_6,2517485
City_53,City_20,3040598
City_53,City_56,2569888
City_53,City_35,970200
City_53,City_48,2443244
City_53,City_57,2616459
City_53,City_58,2551400
City_53,City_42,1940614
City_53,City_13,1304121
City_53,City_14,1306731
City_53,City_37,1956400
City_53,City_30,1654431
City_53,City_5,521584
City_53,City_41,1973724
City_53,City_52,2891275
City_53,City_26,1422420
City_53,City_21,2890335
City_53,City_28,1755333
City_53,City_36,1428229
City_53,City_44,1847054
City_53,City_43,1849656
City_53,City_10,1288979
City_53,City_32,2162912
City_53,City_33,2143093
City_53,City_3,1486296
City_53,City_9,558119
City_53,City_34,1034913
City_53,City_59,1912059
City_53,City_16,2938339
City_53,City_29,1778306
City_53,City_8,1746351
City_53,City_40,1952392
City_53,City_11,1235434
City_53,City_23,1728717
City_53,City_4,853377
City_53,City_25,1776484
City_53,City_15,2932586
City_53,City_27,1764254
City_53,City_55,248487
City_53,City_39,1943801
City_53,City_49,2443412
City_53,City_17,2930606
City_53,City_38,2012817
City_53,City_0,1868114
City_53,City_1,1848816
City_53,City_22,1688929
City_53,City_2,1844463
City_53,City_18,2938047
City_53,City_50,2399196
City_53,City_60,2461306
City_53,City_7,2704623
City_53,City_61,2449955
City_19,City_24,1601621
City_19,City_47,742273
City_19,City_31,1515190
City_19,City_54,3032754
City_19,City_53,3046651
City_19,City_12,1869706
City_19,City_46,929535
City_19,City_45,927728
City_19,City_51,657743
City_19,City_6,1582121
City_19,City_20,28401
City_19,City_56,1416075
City_19,City_35,2115205
City_19,City_48,695755
City_19,City_57,1411229
City_19,City_58,1432111
City_19,City_42,1105214
City_19,City_13,1980916
City_19,City_14,1980295
City_19,City_37,1462380
City_19,City_30,1594697
City_19,City_5,3172920
City_19,City_41,1469326
City_19,City_52,1042914
City_19,City_26,1653687
City_19,City_21,577230
City_19,City_28,1562279
City_19,City_36,1626550
City_19,City_44,1293576
City_19,City_43,1293991
City_19,City_10,1768277
City_19,City_32,902764
City_19,City_33,904296
City_19,City_3,2551731
City_19,City_9,2268085
City_19,City_34,2049351
City_19,City_59,1812336
City_19,City_16,165240
City_19,City_29,1556847
City_19,City_8,1399781
City_19,City_40,1447994
City_19,City_11,1963622
City_19,City_23,1459206
City_19,City_4,2229870
City_19,City_25,1483749
City_19,City_15,131325
City_19,City_27,1493333
City_19,City_55,2872342
City_19,City_39,1360420
City_19,City_49,1024142
City_19,City_17,126963
City_19,City_38,1455220
City_19,City_0,1524708
City_19,City_1,1545653
City_19,City_22,1464021
City_19,City_2,1525786
City_19,City_18,104145
City_19,City_50,1075549
City_19,City_60,2635426
City_19,City_7,1690029
City_19,City_61,1021761
City_12,City_24,773345
City_12,City_47,1134874
City_12,City_31,806412
City_12,City_54,1190151
City_12,City_53,1204048
City_12,City_19,1868667
City_12,City_46,1041944
City_12,City_45,1042858
City_12,City_51,1607189
City_12,City_6,1408826
City_12,City_20,1870968
City_12,City_56,1461229
City_12,City_35,348828
City_12,City_48,1273490
City_12,City_57,1507800
City_12,City_58,1442741
City_12,City_42,770984
City_12,City_13,429103
City_12,City_14,428482
City_12,City_37,974142
City_12,City_30,664370
City_12,City_5,1330317
City_12,City_41,803970
City_12,City_52,1721521
City_12,City_26,325035
City_12,City_21,1720581
City_12,City_28,756715
City_12,City_36,258599
City_12,City_44,677300
City_12,City_43,679902
City_12,City_10,261775
City_12,City_32,993282
City_12,City_33,973463
City_12,City_3,983353
City_12,City_9,622152
City_12,City_34,324299
City_12,City_59,817663
City_12,City_16,1768709
City_12,City_29,775986
City_12,City_8,688852
City_12,City_40,782638
City_12,City_11,361088
City_12,City_23,694108
City_12,City_4,433618
City_12,City_25,739921
City_12,City_15,1762956
City_12,City_27,776875
City_12,City_55,1029739
City_12,City_39,907238
City_12,City_49,1413087
City_12,City_17,1760976
City_12,City_38,1030559
City_12,City_0,920024
City_12,City_1,900726
City_12,City_22,652366
City_12,City_2,896373
City_12,City_18,1768417
City_12,City_50,1368871
City_12,City_60,1545859
City_12,City_7,1614283
City_12,City_61,1419630
City_46,City_24,1138566
City_46,City_47,237048
City_46,City_31,1103684
City_46,City_54,2203086
City_46,City_53,2216983
City_46,City_19,930746
City_46,City_12,1042546
City_46,City_45,4779
City_46,City_51,980447
City_46,City_6,814313
City_46,City_20,932963
City_46,City_56,737754
City_46,City_35,1280356
City_46,City_48,243793
City_46,City_57,750777
City_46,City_58,749000
City_46,City_42,387083
City_46,City_13,1092920
City_46,City_14,1092299
City_46,City_37,1139583
City_46,City_30,1041339
City_46,City_5,2343252
City_46,City_41,552557
City_46,City_52,680782
City_46,City_26,1016864
City_46,City_21,710345
City_46,City_28,1059707
City_46,City_36,860246
City_46,City_44,376807
City_46,City_43,377222
City_46,City_10,1076195
City_46,City_32,534446
City_46,City_33,518717
City_46,City_3,1658268
City_46,City_9,1641918
City_46,City_34,1214502
City_46,City_59,895567
City_46,City_16,798345
City_46,City_29,1068184
City_46,City_8,881812
City_46,City_40,531225
City_46,City_11,1339427
City_46,City_23,941237
City_46,City_4,1395021
City_46,City_25,965780
City_46,City_15,861539
City_46,City_27,1002734
City_46,City_55,2042674
City_46,City_39,941076
City_46,City_49,1044694
City_46,City_17,823055
City_46,City_38,1144959
City_46,City_0,1163816
City_46,City_1,1152093
City_46,City_22,916513
City_46,City_2,1137999
City_46,City_18,846157
City_46,City_50,1072382
City_46,City_60,1718657
City_46,City_7,1058725
City_46,City_61,1052512
City_45,City_24,1139157
City_45,City_47,234821
City_45,City_31,1104275
City_45,City_54,2203663
City_45,City_53,2217560
City_45,City_19,928519
City_45,City_12,1043123
City_45,City_46,4435
City_45,City_51,978220
City_45,City_6,818316
City_45,City_20,930736
City_45,City_56,741757
City_45,City_35,1280933
City_45,City_48,241566
City_45,City_57,754780
City_45,City_58,753003
City_45,City_42,387660
City_45,City_13,1093497
City_45,City_14,1092876
City_45,City_37,1140174
City_45,City_30,1041930
City_45,City_5,2343829
City_45,City_41,553134
City_45,City_52,671049
City_45,City_26,1017441
City_45,City_21,708118
City_45,City_28,1060298
City_45,City_36,860823
City_45,City_44,377384
City_45,City_43,377799
City_45,City_10,1076772
City_45,City_32,532219
City_45,City_33,516490
City_45,City_3,1658845
City_45,City_9,1642495
City_45,City_34,1215079
City_45,City_59,896144
City_45,City_16,796118
City_45,City_29,1068775
City_45,City_8,882403
City_45,City_40,531802
City_45,City_11,1340004
City_45,City_23,941828
City_45,City_4,1395598
City_45,City_25,966371
City_45,City_15,859312
City_45,City_27,1003325
City_45,City_55,2043251
City_45,City_39,941667
City_45,City_49,1042467
City_45,City_17,820828
City_45,City_38,1145550
City_45,City_0,1164407
City_45,City_1,1152684
City_45,City_22,917104
City_45,City_2,1138590
City_45,City_18,843930
City_45,City_50,1070155
City_45,City_60,1719234
City_45,City_7,1062728
City_45,City_61,1050285
City_51,City_24,1109513
City_51,City_47,759675
City_51,City_31,1024318
City_51,City_54,2762513
City_51,City_53,2776410
City_51,City_19,652066
City_51,City_12,1599465
City_51,City_46,973045
City_51,City_45,971238
City_51,City_6,1774087
City_51,City_20,673431
City_51,City_56,1638362
City_51,City_35,1921190
City_51,City_48,878001
City_51,City_57,1641936
City_51,City_58,1654398
City_51,City_42,983581
City_51,City_13,1889942
City_51,City_14,1889321
City_51,City_37,896499
City_51,City_30,1167368
City_51,City_5,2902679
City_51,City_41,1439645
City_51,City_52,1414815
City_51,City_26,1351066
City_51,City_21,1049256
City_51,City_28,1076042
City_51,City_36,1372076
City_51,City_44,1282256
City_51,City_43,1281029
City_51,City_10,1465656
City_51,City_32,630222
City_51,City_33,640240
City_51,City_3,2469421
City_51,City_9,1891945
City_51,City_34,1896661
City_51,City_59,1782788
City_51,City_16,644049
City_51,City_29,1065975
City_51,City_8,1023630
City_51,City_40,1418313
City_51,City_11,1587482
City_51,City_23,1083055
City_51,City_4,2005980
City_51,City_25,1048746
City_51,City_15,552933
City_51,City_27,1038155
City_51,City_55,2602101
City_51,City_39,905242
City_51,City_49,380428
City_51,City_17,631309
City_51,City_38,839690
City_51,City_0,1006911
City_51,City_1,1043730
City_51,City_22,1087870
City_51,City_2,1023863
City_51,City_18,597789
City_51,City_50,431835
City_51,City_60,2605878
City_51,City_7,1944173
City_51,City_61,378047
City_6,City_24,1693152
City_6,City_47,1036663
City_6,City_31,1663865
City_6,City_54,2493580
City_6,City_53,2507477
City_6,City_19,1547465
City_6,City_12,1393144
City_6,City_46,815170
City_6,City_45,818289
City_6,City_51,1763259
City_6,City_20,1549682
City_6,City_56,174244
City_6,City_35,1536190
City_6,City_48,886953
City_6,City_57,201908
City_6,City_58,162997
City_6,City_42,933872
City_6,City_13,1207531
City_6,City_14,1207227
City_6,City_37,1788248
City_6,City_30,1578800
City_6,City_5,2633746
City_6,City_41,642222
City_6,City_52,571538
City_6,City_26,1382384
City_6,City_21,1048708
City_6,City_28,1614168
City_6,City_36,1225766
City_6,City_44,790636
City_6,City_43,793238
City_6,City_10,1441715
City_6,City_32,1271288
City_6,City_33,1251469
City_6,City_3,1442526
City_6,City_9,2007438
City_6,City_34,1470336
City_6,City_59,612374
City_6,City_16,1415064
City_6,City_29,1632105
City_6,City_8,1432557
City_6,City_40,623614
City_6,City_11,1704947
City_6,City_23,1488548
City_6,City_4,1666809
City_6,City_25,1545348
City_6,City_15,1475104
City_6,City_27,1582302
City_6,City_55,2333168
City_6,City_39,1587078
City_6,City_49,1817325
City_6,City_17,1439774
City_6,City_38,1790961
City_6,City_0,1764657
City_6,City_1,1752934
City_6,City_22,1453974
City_6,City_2,1738840
City_6,City_18,1457067
City_6,City_50,1845013
City_6,City_60,1020853
City_6,City_7,259309
City_6,City_61,1825143
City_20,City_24,1619531
City_20,City_47,744950
City_20,City_31,1533100
City_20,City_54,3035431
City_20,City_53,3049328
City_20,City_19,29628
City_20,City_12,1872383
City_20,City_46,932962
City_20,City_45,931155
City_20,City_51,675653
City_20,City_6,1565356
City_20,City_56,1399310
City_20,City_35,2117882
City_20,City_48,699182
City_20,City_57,1394464
City_20,City_58,1415346
City_20,City_42,1107891
City_20,City_13,1983593
City_20,City_14,1982972
City_20,City_37,1480290
City_20,City_30,1625718
City_20,City_5,3175597
City_20,City_41,1472753
City_20,City_52,1026149
City_20,City_26,1664671
City_20,City_21,560465
City_20,City_28,1580189
City_20,City_36,1629227
City_20,City_44,1297003
City_20,City_43,1297418
City_20,City_10,1779261
City_20,City_32,913748
City_20,City_33,915280
City_20,City_3,2554408
City_20,City_9,2279069
City_20,City_34,2052028
City_20,City_59,1815763
City_20,City_16,150088
City_20,City_29,1574757
City_20,City_8,1427892
City_20,City_40,1451421
City_20,City_11,1974606
City_20,City_23,1487317
City_20,City_4,2232547
City_20,City_25,1511860
City_20,City_15,149235
City_20,City_27,1511243
City_20,City_55,2875019
City_20,City_39,1378330
City_20,City_49,1042052
City_20,City_17,122249
City_20,City_38,1473130
City_20,City_0,1542618
City_20,City_1,1563563
City_20,City_22,1492132
City_20,City_2,1543696
City_20,City_18,117869
City_20,City_50,1093459
City_20,City_60,2581723
City_20,City_7,1673264
City_20,City_61,1039671
City_56,City_24,1642071
City_56,City_47,955556
City_56,City_31,1612784
City_56,City_54,2564872
City_56,City_53,2578769
City_56,City_19,1415285
City_56,City_12,1464436
City_56,City_46,740132
City_56,City_45,743251
City_56,City_51,1646450
City_56,City_6,175210
City_56,City_20,1397044
City_56,City_35,1607482
City_56,City_48,770144
City_56,City_57,52018
City_56,City_58,26386
City_56,City_42,876330
City_56,City_13,1278823
City_56,City_14,1278519
City_56,City_37,1740056
City_56,City_30,1527719
City_56,City_5,2705038
City_56,City_41,697477
City_56,City_52,399696
City_56,City_26,1437639
City_56,City_21,882673
City_56,City_28,1563087
City_56,City_36,1281021
City_56,City_44,810441
City_56,City_43,810856
City_56,City_10,1496970
City_56,City_32,1213746
City_56,City_33,1193927
City_56,City_3,1530812
City_56,City_9,2062693
City_56,City_34,1541628
City_56,City_59,717329
City_56,City_16,1254511
City_56,City_29,1581024
City_56,City_8,1381476
City_56,City_40,678869
City_56,City_11,1760202
City_56,City_23,1437467
City_56,City_4,1738101
City_56,City_25,1494267
City_56,City_15,1355068
City_56,City_27,1531221
City_56,City_55,2404460
City_56,City_39,1529536
City_56,City_49,1759783
City_56,City_17,1293399
City_56,City_38,1733419
City_56,City_0,1716465
City_56,City_1,1704742
City_56,City_22,1402893
City_56,City_2,1690648
City_56,City_18,1327372
City_56,City_50,1787471
City_56,City_60,1191577
City_56,City_7,324322
City_56,City_61,1767601
City_35,City_24,1053503
City_35,City_47,1381910
City_35,City_31,1086570
City_35,City_54,965794
City_35,City_53,979691
City_35,City_19,2115703
City_35,City_12,349900
City_35,City_46,1288839
City_35,City_45,1289753
City_35,City_51,1929077
City_35,City_6,1562883
City_35,City_20,2118004
City_35,City_56,1615286
City_35,City_48,1520385
City_35,City_57,1661857
City_35,City_58,1596798
City_35,City_42,1031984
City_35,City_13,349519
City_35,City_14,352129
City_35,City_37,1254300
City_35,City_30,944528
City_35,City_5,1105960
City_35,City_41,1024657
City_35,City_52,1968416
City_35,City_26,628528
City_35,City_21,1967476
City_35,City_28,1036873
City_35,City_36,580487
City_35,City_44,924195
City_35,City_43,926797
City_35,City_10,541842
City_35,City_32,1315170
City_35,City_33,1295351
City_35,City_3,681711
City_35,City_9,770966
City_35,City_34,80311
City_35,City_59,957457
City_35,City_16,2015745
City_35,City_29,1056144
City_35,City_8,989133
City_35,City_40,1029533
City_35,City_11,585616
City_35,City_23,994389
City_35,City_4,139023
City_35,City_25,1040202
City_35,City_15,2030835
City_35,City_27,1077156
City_35,City_55,805382
City_35,City_39,1207519
City_35,City_49,1713368
City_35,City_17,2008012
City_35,City_38,1310717
City_35,City_0,1200182
City_35,City_1,1180884
City_35,City_22,952647
City_35,City_2,1176531
City_35,City_18,2015453
City_35,City_50,1669152
City_35,City_60,1538638
City_35,City_7,1750021
City_35,City_61,1719911
City_48,City_24,1291287
City_48,City_47,209554
City_48,City_31,1215596
City_48,City_54,2438866
City_48,City_53,2452763
City_48,City_19,696083
City_48,City_12,1278326
City_48,City_46,248546
City_48,City_45,246739
City_48,City_51,884634
City_48,City_6,934993
City_48,City_20,698300
City_48,City_56,768031
City_48,City_35,1516136
City_48,City_57,771605
City_48,City_58,784067
City_48,City_42,539636
City_48,City_13,1328700
City_48,City_14,1328079
City_48,City_37,1162786
City_48,City_30,1194060
City_48,City_5,2579032
City_48,City_41,788337
City_48,City_52,602250
City_48,City_26,1202325
City_48,City_21,475780
City_48,City_28,1212428
City_48,City_36,1060972
City_48,City_44,612587
City_48,City_43,613002
City_48,City_10,1306350
City_48,City_32,539764
City_48,City_33,541296
City_48,City_3,1894048
City_48,City_9,1840812
City_48,City_34,1450282
City_48,City_59,1131347
City_48,City_16,563682
City_48,City_29,1220905
City_48,City_8,1034533
City_48,City_40,767005
City_48,City_11,1536349
City_48,City_23,1093958
City_48,City_4,1630801
City_48,City_25,1118501
City_48,City_15,623722
City_48,City_27,1155455
City_48,City_55,2278454
City_48,City_39,1060826
City_48,City_49,1016932
City_48,City_17,588392
City_48,City_38,1155626
City_48,City_0,1225114
City_48,City_1,1246059
City_48,City_22,1069234
City_48,City_2,1226192
City_48,City_18,605685
City_48,City_50,1044620
City_48,City_60,1954437
City_48,City_7,1073842
City_48,City_61,1024750
City_57,City_24,1684376
City_57,City_47,968010
City_57,City_31,1655089
City_57,City_54,2610667
City_57,City_53,2624564
City_57,City_19,1411413
City_57,City_12,1510231
City_57,City_46,752586
City_57,City_45,755705
City_57,City_51,1649386
City_57,City_6,205498
City_57,City_20,1393172
City_57,City_56,53030
City_57,City_35,1653277
City_57,City_48,773080
City_57,City_58,72693
City_57,City_42,918635
City_57,City_13,1324618
City_57,City_14,1324314
City_57,City_37,1782361
City_57,City_30,1570024
City_57,City_5,2750833
City_57,City_41,743272
City_57,City_52,394995
City_57,City_26,1483434
City_57,City_21,878801
City_57,City_28,1605392
City_57,City_36,1326816
City_57,City_44,852746
City_57,City_43,853161
City_57,City_10,1542765
City_57,City_32,1265408
City_57,City_33,1236232
City_57,City_3,1576607
City_57,City_9,2108488
City_57,City_34,1587423
City_57,City_59,763124
City_57,City_16,1250639
City_57,City_29,1623329
City_57,City_8,1423781
City_57,City_40,724664
City_57,City_11,1805997
City_57,City_23,1479772
City_57,City_4,1783896
City_57,City_25,1536572
City_57,City_15,1351196
City_57,City_27,1573526
City_57,City_55,2450255
City_57,City_39,1571841
City_57,City_49,1775656
City_57,City_17,1289527
City_57,City_38,1775724
City_57,City_0,1758770
City_57,City_1,1747047
City_57,City_22,1445198
City_57,City_2,1732953
City_57,City_18,1323500
City_57,City_50,1803344
City_57,City_60,1221865
City_57,City_7,335412
City_57,City_61,1783474
City_58,City_24,1638482
City_58,City_47,971007
City_58,City_31,1609195
City_58,City_54,2543984
City_58,City_53,2557881
City_58,City_19,1431112
City_58,City_12,1443548
City_58,City_46,754039
City_58,City_45,757158
City_58,City_51,1662277
City_58,City_6,163769
City_58,City_20,1412871
City_58,City_56,23706
City_58,City_35,1586594
City_58,City_48,785971
City_58,City_57,70403
City_58,City_42,872741
City_58,City_13,1257935
City_58,City_14,1257631
City_58,City_37,1736467
City_58,City_30,1524130
City_58,City_5,2684150
City_58,City_41,676589
City_58,City_52,415523
City_58,City_26,1416751
City_58,City_21,898500
City_58,City_28,1559498
City_58,City_36,1260133
City_58,City_44,806852
City_58,City_43,807267
City_58,City_10,1476082
City_58,City_32,1210157
City_58,City_33,1190338
City_58,City_3,1509924
City_58,City_9,2041805
City_58,City_34,1520740
City_58,City_59,696441
City_58,City_16,1270338
City_58,City_29,1577435
City_58,City_8,1377887
City_58,City_40,657981
City_58,City_11,1739314
City_58,City_23,1433878
City_58,City_4,1717213
City_58,City_25,1490678
City_58,City_15,1370895
City_58,City_27,1527632
City_58,City_55,2383572
City_58,City_39,1525947
City_58,City_49,1756194
City_58,City_17,1309226
City_58,City_38,1729830
City_58,City_0,1712876
City_58,City_1,1701153
City_58,City_22,1399304
City_58,City_2,1687059
City_58,City_18,1343199
City_58,City_50,1783882
City_58,City_60,1180136
City_58,City_7,331173
City_58,City_61,1764012
City_42,City_24,774490
City_42,City_47,373720
City_42,City_31,745203
City_42,City_54,1926492
City_42,City_53,1940389
City_42,City_19,1107513
City_42,City_12,763444
City_42,City_46,386152
City_42,City_45,387066
City_42,City_51,991694
City_42,City_6,933614
City_42,City_20,1109814
City_42,City_56,873406
City_42,City_35,1025649
City_42,City_48,536175
City_42,City_57,917543
City_42,City_58,868301
City_42,City_13,918847
City_42,City_14,918226
City_42,City_37,863147
City_42,City_30,660138
City_42,City_5,2066658
City_42,City_41,462398
City_42,City_52,1065729
City_42,City_26,647924
City_42,City_21,966442
City_42,City_28,695506
City_42,City_36,520288
City_42,City_44,305009
City_42,City_43,303782
City_42,City_10,765666
City_42,City_32,362064
City_42,City_33,342245
City_42,City_3,1498326
City_42,City_9,1286411
City_42,City_34,959795
City_42,City_59,805541
City_42,City_16,1007555
City_42,City_29,713443
City_42,City_8,513895
City_42,City_40,441066
City_42,City_11,981948
City_42,City_23,569886
City_42,City_4,1126207
City_42,City_25,626686
City_42,City_15,1022645
City_42,City_27,663640
City_42,City_55,1766080
City_42,City_39,674570
City_42,City_49,908101
City_42,City_17,999822
City_42,City_38,873733
City_42,City_0,839556
City_42,City_1,827833
City_42,City_22,535312
City_42,City_2,813739
City_42,City_18,1007263
City_42,City_50,935789
City_42,City_60,1628631
City_42,City_7,1178026
City_42,City_61,915919
City_13,City_24,1193201
City_13,City_47,1236232
City_13,City_31,1226268
City_13,City_54,1298612
City_13,City_53,1312509
City_13,City_19,1970025
City_13,City_12,426683
City_13,City_46,1090697
City_13,City_45,1091611
City_13,City_51,1891805
City_13,City_6,1222466
City_13,City_20,1972326
City_13,City_56,1274869
City_13,City_35,341222
City_13,City_48,1322243
City_13,City_57,1321440
City_13,City_58,1256381
City_13,City_42,912870
City_13,City_14,5326
City_13,City_37,1393998
City_13,City_30,1084226
City_13,City_5,1438778
City_13,City_41,701206
City_13,City_52,1662055
City_13,City_26,744136
City_13,City_21,1788795
City_13,City_28,1176571
City_13,City_36,596634
City_13,City_44,726053
City_13,City_43,728655
City_13,City_10,681540
City_13,City_32,1262175
City_13,City_33,1242356
City_13,City_3,576658
City_13,City_9,981298
City_13,City_34,275368
City_13,City_59,617040
City_13,City_16,1870067
City_13,City_29,1195842
City_13,City_8,1094505
City_13,City_40,718425
City_13,City_11,743982
City_13,City_23,1104951
City_13,City_4,471841
City_13,City_25,1150764
City_13,City_15,1885157
City_13,City_27,1187718
City_13,City_55,1138200
City_13,City_39,1318081
City_13,City_49,1779510
City_13,City_17,1862334
City_13,City_38,1450415
City_13,City_0,1339880
City_13,City_1,1320582
City_13,City_22,1063209
City_13,City_2,1316229
City_13,City_18,1869775
City_13,City_50,1779714
City_13,City_60,1203858
City_13,City_7,1409604
City_13,City_61,1787328
City_14,City_24,1194087
City_14,City_47,1237873
City_14,City_31,1250259
City_14,City_54,1301072
City_14,City_53,1314969
City_14,City_19,1971666
City_14,City_12,428324
City_14,City_46,1092338
City_14,City_45,1093252
City_14,City_51,1893446
City_14,City_6,1224107
City_14,City_20,1973967
City_14,City_56,1276510
City_14,City_35,343682
City_14,City_48,1323884
City_14,City_57,1323081
City_14,City_58,1258022
City_14,City_42,914511
City_14,City_13,5715
City_14,City_37,1417989
City_14,City_30,1085112
City_14,City_5,1441238
City_14,City_41,702847
City_14,City_52,1663696
City_14,City_26,745777
City_14,City_21,1790436
City_14,City_28,1200562
City_14,City_36,598275
City_14,City_44,727694
City_14,City_43,730296
City_14,City_10,682517
City_14,City_32,1263816
City_14,City_33,1243997
City_14,City_3,574211
City_14,City_9,983758
City_14,City_34,277828
City_14,City_59,618681
City_14,City_16,1871708
City_14,City_29,1219833
City_14,City_8,1096146
City_14,City_40,720066
City_14,City_11,746442
City_14,City_23,1106592
City_14,City_4,474301
City_14,City_25,1152405
City_14,City_15,1886798
City_14,City_27,1189359
City_14,City_55,1140660
City_14,City_39,1319722
City_14,City_49,1781151
City_14,City_17,1863975
City_14,City_38,1474406
City_14,City_0,1340766
City_14,City_1,1321468
City_14,City_22,1064850
City_14,City_2,1317115
City_14,City_18,1871416
City_14,City_50,1781355
City_14,City_60,1201411
City_14,City_7,1411245
City_14,City_61,1788969
City_37,City_24,241490
City_37,City_47,976819
City_37,City_31,176150
City_37,City_54,1949687
City_37,City_53,1963584
City_37,City_19,1456675
City_37,City_12,999602
City_37,City_46,1138322
City_37,City_45,1139339
City_37,City_51,884232
City_37,City_6,1786879
City_37,City_20,1478040
City_37,City_56,1735293
City_37,City_35,1252402
City_37,City_48,1163444
City_37,City_57,1779430
City_37,City_58,1730188
City_37,City_42,865135
City_37,City_13,1417964
City_37,City_14,1417343
City_37,City_30,319200
City_37,City_5,2089853
City_37,City_41,1267486
City_37,City_52,1758024
City_37,City_26,684462
City_37,City_21,1589241
City_37,City_28,227874
City_37,City_36,842800
City_37,City_44,1125217
City_37,City_43,1123990
City_37,City_10,754946
City_37,City_32,656941
City_37,City_33,652525
City_37,City_3,1923432
City_37,City_9,1075270
City_37,City_34,1245315
City_37,City_59,1472772
City_37,City_16,1386872
City_37,City_29,217807
City_37,City_8,400434
City_37,City_40,1246154
City_37,City_11,770807
City_37,City_23,336005
City_37,City_4,1322096
City_37,City_25,286840
City_37,City_15,1345763
City_37,City_27,251651
City_37,City_55,1789275
City_37,City_39,201012
City_37,City_49,508004
City_37,City_17,1382244
City_37,City_38,68477
City_37,City_0,136101
City_37,City_1,175382
City_37,City_22,374325
City_37,City_2,155515
City_37,City_18,1369140
City_37,City_50,463788
City_37,City_60,2295862
City_37,City_7,2039913
City_37,City_61,514547
City_30,City_24,122102
City_30,City_47,1014823
City_30,City_31,153640
City_30,City_54,1650237
City_30,City_53,1664134
City_30,City_19,1587059
City_30,City_12,664702
City_30,City_46,1041386
City_30,City_45,1042403
City_30,City_51,1166521
City_30,City_6,1576636
City_30,City_20,1608424
City_30,City_56,1525050
City_30,City_35,943711
City_30,City_48,1189833
City_30,City_57,1569187
City_30,City_58,1519945
City_30,City_42,667922
City_30,City_13,1085967
City_30,City_14,1086649
City_30,City_37,321370
City_30,City_5,1790403
City_30,City_41,1011796
City_30,City_52,1720141
City_30,City_26,366538
City_30,City_21,1620100
City_30,City_28,102214
City_30,City_36,553120
City_30,City_44,885126
City_30,City_43,887728
City_30,City_10,446255
City_30,City_32,728312
City_30,City_33,712312
City_30,City_3,1614741
City_30,City_9,811223
City_30,City_34,936624
City_30,City_59,1217251
City_30,City_16,1522594
City_30,City_29,125187
City_30,City_8,204152
City_30,City_40,990464
City_30,City_11,506760
City_30,City_23,156307
City_30,City_4,990570
City_30,City_25,148932
City_30,City_15,1476147
City_30,City_27,134852
City_30,City_55,1489825
City_30,City_39,300384
City_30,City_49,790293
City_30,City_17,1514861
City_30,City_38,377787
City_30,City_0,252715
City_30,City_1,233417
City_30,City_22,138885
City_30,City_2,229064
City_30,City_18,1499524
City_30,City_50,746077
City_30,City_60,2031997
City_30,City_7,1829670
City_30,City_61,796836
City_5,City_24,1855238
City_5,City_47,2438307
City_5,City_31,1940562
City_5,City_54,545225
City_5,City_53,532257
City_5,City_19,3172100
City_5,City_12,1331445
City_5,City_46,2345501
City_5,City_45,2346415
City_5,City_51,2911617
City_5,City_6,2651288
City_5,City_20,3174401
City_5,City_56,2703691
City_5,City_35,1104003
City_5,City_48,2577047
City_5,City_57,2750262
City_5,City_58,2685203
City_5,City_42,2074417
City_5,City_13,1437924
City_5,City_14,1440534
City_5,City_37,2090203
City_5,City_30,1788234
City_5,City_41,2107527
City_5,City_52,3025078
City_5,City_26,1556223
City_5,City_21,3024138
City_5,City_28,1889136
City_5,City_36,1562032
City_5,City_44,1980857
City_5,City_43,1983459
City_5,City_10,1422782
City_5,City_32,2296715
City_5,City_33,2276896
City_5,City_3,1597620
City_5,City_9,932235
City_5,City_34,1168716
City_5,City_59,2045862
City_5,City_16,3072142
City_5,City_29,1912109
City_5,City_8,1880154
City_5,City_40,2086195
City_5,City_11,1369237
City_5,City_23,1862520
City_5,City_4,987180
City_5,City_25,1910287
City_5,City_15,3066389
City_5,City_27,1898057
City_5,City_55,302884
City_5,City_39,2077604
City_5,City_49,2577215
City_5,City_17,3064409
City_5,City_38,2146620
City_5,City_0,2001917
City_5,City_1,1982619
City_5,City_22,1822732
City_5,City_2,1978266
City_5,City_18,3071850
City_5,City_50,2532999
City_5,City_60,2595109
City_5,City_7,2838426
City_5,City_61,2583758
City_41,City_24,1126494
City_41,City_47,747204
City_41,City_31,1115026
City_41,City_54,1965787
City_41,City_53,1979684
City_41,City_19,1480997
City_41,City_12,805247
City_41,City_46,552461
City_41,City_45,553375
City_41,City_51,1447277
City_41,City_6,643171
City_41,City_20,1483298
City_41,City_56,695574
City_41,City_35,1008152
City_41,City_48,784007
City_41,City_57,742145
City_41,City_58,677086
City_41,City_42,463142
City_41,City_13,709612
City_41,City_14,709308
City_41,City_37,1262911
City_41,City_30,1012944
City_41,City_5,2105953
City_41,City_52,1082760
City_41,City_26,779565
City_41,City_21,1250559
City_41,City_28,1065329
City_41,City_36,622947
City_41,City_44,187817
City_41,City_43,190419
City_41,City_10,838896
City_41,City_32,817647
City_41,City_33,797828
City_41,City_3,1149710
City_41,City_9,1404619
City_41,City_34,942298
City_41,City_59,342556
City_41,City_16,1338559
City_41,City_29,1083266
City_41,City_8,883718
City_41,City_40,26742
City_41,City_11,1102128
City_41,City_23,939709
City_41,City_4,1138771
City_41,City_25,996509
City_41,City_15,1396129
City_41,City_27,1033463
City_41,City_55,1805375
City_41,City_39,1106647
City_41,City_49,1363684
City_41,City_17,1373306
City_41,City_38,1305304
City_41,City_0,1222498
City_41,City_1,1203539
City_41,City_22,905135
City_41,City_2,1200630
City_41,City_18,1380747
City_41,City_50,1391372
City_41,City_60,1165646
City_41,City_7,861933
City_41,City_61,1371502
City_52,City_24,1826197
City_52,City_47,804635
City_52,City_31,1791315
City_52,City_54,2891005
City_52,City_53,2904902
City_52,City_19,1042564
City_52,City_12,1730465
City_52,City_46,691248
City_52,City_45,680819
City_52,City_51,1422572
City_52,City_6,574354
City_52,City_20,1024323
City_52,City_56,400211
City_52,City_35,1968275
City_52,City_48,603409
City_52,City_57,395365
City_52,City_58,416247
City_52,City_42,1075002
City_52,City_13,1671399
City_52,City_14,1671095
City_52,City_37,1757867
City_52,City_30,1728970
City_52,City_5,3031171
City_52,City_41,1082273
City_52,City_26,1704783
City_52,City_21,512315
City_52,City_28,1747338
City_52,City_36,1548165
City_52,City_44,1064726
City_52,City_43,1065141
City_52,City_10,1764114
City_52,City_32,1134845
City_52,City_33,1114113
City_52,City_3,1915608
City_52,City_9,2329837
City_52,City_34,1902421
City_52,City_59,1102125
City_52,City_16,881790
City_52,City_29,1755815
City_52,City_8,1569443
City_52,City_40,1063665
City_52,City_11,2027346
City_52,City_23,1628868
City_52,City_4,2082940
City_52,City_25,1653411
City_52,City_15,982347
City_52,City_27,1690365
City_52,City_55,2730593
City_52,City_39,1628707
City_52,City_49,1612013
City_52,City_17,920678
City_52,City_38,1750707
City_52,City_0,1820195
City_52,City_1,1841140
City_52,City_22,1604144
City_52,City_2,1821273
City_52,City_18,954651
City_52,City_50,1639701
City_52,City_60,1590721
City_52,City_7,672002
City_52,City_61,1619831
City_26,City_24,482152
City_26,City_47,1035385
City_26,City_31,516971
City_26,City_54,1421738
City_26,City_53,1435635
City_26,City_19,1647956
City_26,City_12,326173
City_26,City_46,1014838
City_26,City_45,1015752
City_26,City_51,1359400
City_26,City_6,1397443
City_26,City_20,1663106
City_26,City_56,1435840
City_26,City_35,667121
City_26,City_48,1197840
City_26,City_57,1482411
City_26,City_58,1417352
City_26,City_42,655052
City_26,City_13,758491
City_26,City_14,757870
City_26,City_37,684701
City_26,City_30,365793
City_26,City_5,1561904
City_26,City_41,778581
City_26,City_52,1694415
City_26,City_21,1628107
City_26,City_28,467274
City_26,City_36,183327
City_26,City_44,651911
City_26,City_43,654513
City_26,City_10,119606
City_26,City_32,770384
City_26,City_33,750565
City_26,City_3,1299758
City_26,City_9,677070
City_26,City_34,640704
City_26,City_59,860960
City_26,City_16,1560847
City_26,City_29,486545
City_26,City_8,373915
City_26,City_40,757249
City_26,City_11,372607
City_26,City_23,379171
City_26,City_4,717953
City_26,City_25,424984
City_26,City_15,1540058
City_26,City_27,461938
City_26,City_55,1261326
City_26,City_39,592301
City_26,City_49,1098150
City_26,City_17,1553114
City_26,City_38,741118
City_26,City_0,624443
City_26,City_1,605484
City_26,City_22,337429
City_26,City_2,602575
City_26,City_18,1551427
City_26,City_50,1053934
City_26,City_60,1675706
City_26,City_7,1602199
City_26,City_61,1104693
City_21,City_24,1728446
City_21,City_47,605748
City_21,City_31,1642015
City_21,City_54,2881709
City_21,City_53,2895606
City_21,City_19,577807
City_21,City_12,1721169
City_21,City_46,711069
City_21,City_45,709262
City_21,City_51,1049186
City_21,City_6,1049838
City_21,City_20,559566
City_21,City_56,883792
City_21,City_35,1958979
City_21,City_48,477235
City_21,City_57,878946
City_21,City_58,899828
City_21,City_42,967259
City_21,City_13,1791223
City_21,City_14,1790602
City_21,City_37,1589205
City_21,City_30,1621683
City_21,City_5,3021875
City_21,City_41,1250860
City_21,City_52,513160
City_21,City_26,1629948
City_21,City_28,1640051
City_21,City_36,1488595
City_21,City_44,1075110
City_21,City_43,1075525
City_21,City_10,1733973
City_21,City_32,966183
City_21,City_33,967715
City_21,City_3,2356571
City_21,City_9,2268435
City_21,City_34,1893125
City_21,City_59,1593870
City_21,City_16,453327
City_21,City_29,1648528
City_21,City_8,1462156
City_21,City_40,1229528
City_21,City_11,1963972
City_21,City_23,1521581
City_21,City_4,2073644
City_21,City_25,1546124
City_21,City_15,551937
City_21,City_27,1583078
City_21,City_55,2721297
City_21,City_39,1487245
City_21,City_49,1368867
City_21,City_17,492215
City_21,City_38,1582045
City_21,City_0,1651533
City_21,City_1,1672478
City_21,City_22,1496857
City_21,City_2,1652611
City_21,City_18,526188
City_21,City_50,1396555
City_21,City_60,2066205
City_21,City_7,1160275
City_21,City_61,1376685
City_28,City_24,112751
City_28,City_47,1041848
City_28,City_31,59753
City_28,City_54,1760316
City_28,City_53,1774213
City_28,City_19,1555278
City_28,City_12,782550
City_28,City_46,1068411
City_28,City_45,1069428
City_28,City_51,1072634
City_28,City_6,1610599
City_28,City_20,1576643
City_28,City_56,1559013
City_28,City_35,1035350
City_28,City_48,1216858
City_28,City_57,1603150
City_28,City_58,1553908
City_28,City_42,701885
City_28,City_13,1200912
City_28,City_14,1200291
City_28,City_37,227483
City_28,City_30,111609
City_28,City_5,1900482
City_28,City_41,1063505
City_28,City_52,1747166
City_28,City_26,467410
City_28,City_21,1647125
City_28,City_36,625748
City_28,City_44,921236
City_28,City_43,920009
City_28,City_10,537894
City_28,City_32,715929
City_28,City_33,700107
City_28,City_3,1706380
City_28,City_9,885899
City_28,City_34,1028263
City_28,City_59,1276236
City_28,City_16,1485475
City_28,City_29,26898
City_28,City_8,196453
City_28,City_40,1042173
City_28,City_11,581436
City_28,City_23,140439
City_28,City_4,1082209
City_28,City_25,103951
City_28,City_15,1444366
City_28,City_27,68982
City_28,City_55,1599904
City_28,City_39,234514
City_28,City_49,696406
City_28,City_17,1480847
City_28,City_38,283900
City_28,City_0,167225
City_28,City_1,148266
City_28,City_22,170002
City_28,City_2,145357
City_28,City_18,1467743
City_28,City_50,652190
City_28,City_60,2090982
City_28,City_7,1863633
City_28,City_61,702949
City_36,City_24,655001
City_36,City_47,892028
City_36,City_31,676948
City_36,City_54,1421113
City_36,City_53,1435010
City_36,City_19,1625821
City_36,City_12,258065
City_36,City_46,858414
City_36,City_45,859328
City_36,City_51,1380155
City_36,City_6,1227013
City_36,City_20,1628122
City_36,City_56,1279416
City_36,City_35,579790
City_36,City_48,1054483
City_36,City_57,1325987
City_36,City_58,1260928
City_36,City_42,528138
City_36,City_13,599008
City_36,City_14,598387
City_36,City_37,844678
City_36,City_30,538642
City_36,City_5,1561279
City_36,City_41,622157
City_36,City_52,1537991
City_36,City_26,184795
City_36,City_21,1484750
City_36,City_28,627251
City_36,City_44,495487
City_36,City_43,498089
City_36,City_10,260287
City_36,City_32,766248
City_36,City_33,746429
City_36,City_3,1178487
City_36,City_9,852998
City_36,City_34,555261
City_36,City_59,701477
City_36,City_16,1525863
City_36,City_29,646522
City_36,City_8,522835
City_36,City_40,600825
City_36,City_11,545456
City_36,City_23,533281
City_36,City_4,664580
City_36,City_25,579094
City_36,City_15,1517114
City_36,City_27,616048
City_36,City_55,1260701
City_36,City_39,746411
City_36,City_49,1207840
City_36,City_17,1518130
City_36,City_38,901095
City_36,City_0,784420
City_36,City_1,765461
City_36,City_22,491539
City_36,City_2,762552
City_36,City_18,1525571
City_36,City_50,1208044
City_36,City_60,1516223
City_36,City_7,1445775
City_36,City_61,1215658
City_44,City_24,1001466
City_44,City_47,571031
City_44,City_31,973690
City_44,City_54,1840759
City_44,City_53,1854656
City_44,City_19,1304824
City_44,City_12,680219
City_44,City_46,376288
City_44,City_45,377202
City_44,City_51,1289607
City_44,City_6,795086
City_44,City_20,1307125
City_44,City_56,807966
City_44,City_35,918029
City_44,City_48,607834
City_44,City_57,852103
City_44,City_58,802861
City_44,City_42,305472
City_44,City_13,730593
City_44,City_14,729972
City_44,City_37,1121575
City_44,City_30,887916
City_44,City_5,1980925
City_44,City_41,190230
City_44,City_52,1055865
City_44,City_26,654537
City_44,City_21,1074386
City_44,City_28,923993
City_44,City_36,497919
City_44,City_43,2818
City_44,City_10,713868
City_44,City_32,659977
City_44,City_33,640158
City_44,City_3,1295941
City_44,City_9,1279591
City_44,City_34,852175
City_44,City_59,533240
City_44,City_16,1162386
City_44,City_29,941930
City_44,City_8,742382
City_44,City_40,168898
City_44,City_11,977100
City_44,City_23,798373
City_44,City_4,1032694
City_44,City_25,855173
City_44,City_15,1219956
City_44,City_27,892127
City_44,City_55,1680347
City_44,City_39,948977
City_44,City_49,1206014
City_44,City_17,1197133
City_44,City_38,1163968
City_44,City_0,1081162
City_44,City_1,1062203
City_44,City_22,763799
City_44,City_2,1059294
City_44,City_18,1204574
City_44,City_50,1233702
City_44,City_60,1356330
City_44,City_7,1013848
City_44,City_61,1213832
City_43,City_24,1001726
City_43,City_47,573204
City_43,City_31,971703
City_43,City_54,1841019
City_43,City_53,1854916
City_43,City_19,1306997
City_43,City_12,680479
City_43,City_46,378461
City_43,City_45,379375
City_43,City_51,1287620
City_43,City_6,795346
City_43,City_20,1309298
City_43,City_56,810139
City_43,City_35,918289
City_43,City_48,610007
City_43,City_57,854276
City_43,City_58,805034
City_43,City_42,303485
City_43,City_13,730853
City_43,City_14,730232
City_43,City_37,1119588
City_43,City_30,888176
City_43,City_5,1981185
City_43,City_41,190490
City_43,City_52,1058038
City_43,City_26,654797
City_43,City_21,1076559
City_43,City_28,922006
City_43,City_36,498179
City_43,City_44,3808
City_43,City_10,714128
City_43,City_32,657990
City_43,City_33,638171
City_43,City_3,1296201
City_43,City_9,1279851
City_43,City_34,852435
City_43,City_59,533500
City_43,City_16,1164559
City_43,City_29,939943
City_43,City_8,740395
City_43,City_40,169158
City_43,City_11,977360
City_43,City_23,796386
City_43,City_4,1032954
City_43,City_25,853186
City_43,City_15,1222129
City_43,City_27,890140
City_43,City_55,1680607
City_43,City_39,946990
City_43,City_49,1204027
City_43,City_17,1199306
City_43,City_38,1161981
City_43,City_0,1079175
City_43,City_1,1060216
City_43,City_22,761812
City_43,City_2,1057307
City_43,City_18,1206747
City_43,City_50,1231715
City_43,City_60,1356590
City_43,City_7,1014108
City_43,City_61,1211845
City_10,City_24,572710
City_10,City_47,1137796
City_10,City_31,588170
City_10,City_54,1285669
City_10,City_53,1299566
City_10,City_19,1762767
City_10,City_12,263154
City_10,City_46,1076071
City_10,City_45,1076985
City_10,City_51,1474211
City_10,City_6,1442953
City_10,City_20,1777917
City_10,City_56,1495356
City_10,City_35,579239
City_10,City_48,1300251
City_10,City_57,1541927
City_10,City_58,1476868
City_10,City_42,773906
City_10,City_13,684419
City_10,City_14,683798
City_10,City_37,755900
City_10,City_30,446128
City_10,City_5,1425835
City_10,City_41,838097
City_10,City_52,1755648
City_10,City_26,118817
City_10,City_21,1730518
City_10,City_28,538473
City_10,City_36,261521
City_10,City_44,711427
City_10,City_43,714029
City_10,City_32,885195
City_10,City_33,865376
City_10,City_3,1250269
City_10,City_9,600592
City_10,City_34,572152
City_10,City_59,875881
City_10,City_16,1675658
City_10,City_29,557744
City_10,City_8,479422
City_10,City_40,816765
City_10,City_11,270345
City_10,City_23,484678
City_10,City_4,626002
City_10,City_25,530491
City_10,City_15,1654869
City_10,City_27,555951
City_10,City_55,1125257
City_10,City_39,697808
City_10,City_49,1203657
City_10,City_17,1667925
City_10,City_38,812317
City_10,City_0,719389
City_10,City_1,700091
City_10,City_22,442936
City_10,City_2,695738
City_10,City_18,1666238
City_10,City_50,1159441
City_10,City_60,1690627
City_10,City_7,1661715
City_10,City_61,1210200
City_32,City_24,771642
City_32,City_47,352394
City_32,City_31,685211
City_32,City_54,2152917
City_32,City_53,2166814
City_32,City_19,896618
City_32,City_12,989869
City_32,City_46,533195
City_32,City_45,531388
City_32,City_51,637361
City_32,City_6,1270089
City_32,City_20,911768
City_32,City_56,1209881
City_32,City_35,1311594
City_32,City_48,539019
City_32,City_57,1265089
City_32,City_58,1204776
City_32,City_42,358680
City_32,City_13,1265041
City_32,City_14,1264420
City_32,City_37,657508
City_32,City_30,730600
City_32,City_5,2293083
City_32,City_41,814744
City_32,City_52,1133599
City_32,City_26,766760
City_32,City_21,964816
City_32,City_28,713579
City_32,City_36,762480
City_32,City_44,657355
City_32,City_43,656128
City_32,City_10,881350
City_32,City_33,20891
City_32,City_3,1844520
City_32,City_9,1381158
City_32,City_34,1282073
City_32,City_59,1157887
City_32,City_16,809509
City_32,City_29,722056
City_32,City_8,535684
City_32,City_40,793412
City_32,City_11,1076695
City_32,City_23,595109
City_32,City_4,1396384
City_32,City_25,619652
City_32,City_15,788720
City_32,City_27,652074
City_32,City_55,1992505
City_32,City_39,509385
City_32,City_49,555880
City_32,City_17,801776
City_32,City_38,656370
City_32,City_0,686483
City_32,City_1,707428
City_32,City_22,599924
City_32,City_2,687561
City_32,City_18,800089
City_32,City_50,583568
City_32,City_60,1980977
City_32,City_7,1514501
City_32,City_61,563698
City_33,City_24,770140
City_33,City_47,354910
City_33,City_31,680710
City_33,City_54,2136322
City_33,City_53,2150228
City_33,City_19,899134
City_33,City_12,973274
City_33,City_46,518510
City_33,City_45,516703
City_33,City_51,648175
City_33,City_6,1253494
City_33,City_20,914284
City_33,City_56,1193286
City_33,City_35,1294999
City_33,City_48,541535
City_33,City_57,1237423
City_33,City_58,1188181
City_33,City_42,342085
City_33,City_13,1248433
City_33,City_14,1247825
City_33,City_37,653007
City_33,City_30,711221
City_33,City_5,2276488
City_33,City_41,798149
City_33,City_52,1123166
City_33,City_26,750165
City_33,City_21,967332
City_33,City_28,691281
City_33,City_36,745893
City_33,City_44,640760
City_33,City_43,639533
City_33,City_10,864763
City_33,City_32,21195
City_33,City_3,1827925
City_33,City_9,1364563
City_33,City_34,1265478
City_33,City_59,1141292
City_33,City_16,812025
City_33,City_29,699758
City_33,City_8,513386
City_33,City_40,776817
City_33,City_11,1060100
City_33,City_23,572811
City_33,City_4,1379789
City_33,City_25,597354
City_33,City_15,791237
City_33,City_27,634308
City_33,City_55,1975910
City_33,City_39,504884
City_33,City_49,576282
City_33,City_17,804291
City_33,City_38,650116
City_33,City_0,681982
City_33,City_1,702927
City_33,City_22,577635
City_33,City_2,683060
City_33,City_18,802605
City_33,City_50,603970
City_33,City_60,1960892
City_33,City_7,1497918
City_33,City_61,584100
City_3,City_24,1722124
City_3,City_47,1797093
City_3,City_31,1755191
City_3,City_54,1485138
City_3,City_53,1499035
City_3,City_19,2531107
City_3,City_12,981774
City_3,City_46,1602350
City_3,City_45,1603485
City_3,City_51,2470371
City_3,City_6,1474172
City_3,City_20,2533408
City_3,City_56,1528802
City_3,City_35,681077
City_3,City_48,1833896
City_3,City_57,1575597
City_3,City_58,1510314
City_3,City_42,1491653
City_3,City_13,574595
City_3,City_14,571444
City_3,City_37,1922921
City_3,City_30,1613149
City_3,City_5,1582301
City_3,City_41,1099371
City_3,City_52,1915988
City_3,City_26,1297374
City_3,City_21,2300448
City_3,City_28,1705494
City_3,City_36,1175421
City_3,City_44,1237930
City_3,City_43,1240532
City_3,City_10,1210688
City_3,City_32,1840952
City_3,City_33,1821133
City_3,City_9,1437649
City_3,City_34,695299
City_3,City_59,850689
City_3,City_16,2388667
City_3,City_29,1724988
City_3,City_8,1657754
City_3,City_40,1124330
City_3,City_11,1252074
City_3,City_23,1663010
City_3,City_4,671708
City_3,City_25,1708823
City_3,City_15,2446018
City_3,City_27,1745777
City_3,City_55,1324951
City_3,City_39,1876365
City_3,City_49,2358076
City_3,City_17,2423416
City_3,City_38,1979561
City_3,City_0,1868803
City_3,City_1,1849505
City_3,City_22,1621493
City_3,City_2,1845378
City_3,City_18,2430857
City_3,City_50,2337773
City_3,City_60,1168105
City_3,City_7,1636064
City_3,City_61,2365894
City_9,City_24,849240
City_9,City_47,1674645
City_9,City_31,934563
City_9,City_54,551456
City_9,City_53,565353
City_9,City_19,2269533
City_9,City_12,621980
City_9,City_46,1640409
City_9,City_45,1641325
City_9,City_51,1899278
City_9,City_6,2007296
City_9,City_20,2284682
City_9,City_56,2059696
City_9,City_35,770134
City_9,City_48,1849663
City_9,City_57,2106268
City_9,City_58,2041209
City_9,City_42,1301251
City_9,City_13,980388
City_9,City_14,982999
City_9,City_37,1084205
City_9,City_30,785274
City_9,City_5,931268
City_9,City_41,1402437
City_9,City_52,2319988
City_9,City_26,683822
City_9,City_21,2279919
City_9,City_28,883137
City_9,City_36,845588
City_9,City_44,1275768
City_9,City_43,1278370
City_9,City_10,608039
City_9,City_32,1391963
City_9,City_33,1372144
City_9,City_3,1435385
City_9,City_34,810091
City_9,City_59,1440224
City_9,City_16,2182424
City_9,City_29,906110
City_9,City_8,885381
City_9,City_40,1381108
City_9,City_11,359645
City_9,City_23,867747
City_9,City_4,786118
City_9,City_25,915514
City_9,City_15,2161636
City_9,City_27,895097
City_9,City_55,631638
City_9,City_39,1082831
City_9,City_49,1571217
City_9,City_17,2174691
City_9,City_38,1140622
City_9,City_0,995919
City_9,City_1,976620
City_9,City_22,827959
City_9,City_2,972268
City_9,City_18,2173005
City_9,City_50,1527001
City_9,City_60,2104024
City_9,City_7,2226055
City_9,City_61,1577760
City_34,City_24,1045306
City_34,City_47,1306573
City_34,City_31,1078370
City_34,City_54,1029305
City_34,City_53,1043202
City_34,City_19,2040366
City_34,City_12,325099
City_34,City_46,1213501
City_34,City_45,1214415
City_34,City_51,1904276
City_34,City_6,1487549
City_34,City_20,2042667
City_34,City_56,1539950
City_34,City_35,71915
City_34,City_48,1445045
City_34,City_57,1586523
City_34,City_58,1521462
City_34,City_42,956650
City_34,City_13,274186
City_34,City_14,276797
City_34,City_37,1246100
City_34,City_30,936329
City_34,City_5,1169471
City_34,City_41,949323
City_34,City_52,1893082
City_34,City_26,620330
City_34,City_21,1892136
City_34,City_28,1028673
City_34,City_36,548383
City_34,City_44,848860
City_34,City_43,851462
City_34,City_10,533644
City_34,City_32,1283738
City_34,City_33,1263931
City_34,City_3,688097
City_34,City_9,810328
City_34,City_59,882123
City_34,City_16,1940411
City_34,City_29,1047944
City_34,City_8,980935
City_34,City_40,954200
City_34,City_11,596295
City_34,City_23,986191
City_34,City_4,202534
City_34,City_25,1032004
City_34,City_15,1955498
City_34,City_27,1068958
City_34,City_55,868893
City_34,City_39,1199321
City_34,City_49,1705170
City_34,City_17,1932678
City_34,City_38,1302519
City_34,City_0,1191985
City_34,City_1,1172687
City_34,City_22,944449
City_34,City_2,1168333
City_34,City_18,1940116
City_34,City_50,1661031
City_34,City_60,1463304
City_34,City_7,1674684
City_34,City_61,1711790
City_59,City_24,1333270
City_59,City_47,1048480
City_59,City_31,1326565
City_59,City_54,1905899
City_59,City_53,1919796
City_59,City_19,1782273
City_59,City_12,815610
City_59,City_46,853737
City_59,City_45,854653
City_59,City_51,1748546
City_59,City_6,640976
City_59,City_20,1784574
City_59,City_56,713372
City_59,City_35,948509
City_59,City_48,1085281
City_59,City_57,759944
City_59,City_58,694885
City_59,City_42,764421
City_59,City_13,619850
City_59,City_14,619546
City_59,City_37,1468244
City_59,City_30,1217340
City_59,City_5,2063990
City_59,City_41,321859
City_59,City_52,1100559
City_59,City_26,863064
City_59,City_21,1551833
City_59,City_28,1276867
City_59,City_36,703234
City_59,City_44,489096
City_59,City_43,491698
City_59,City_10,877409
City_59,City_32,1118918
City_59,City_33,1099099
City_59,City_3,850950
City_59,City_9,1443133
City_59,City_34,882655
City_59,City_16,1639833
City_59,City_29,1296138
City_59,City_8,1089052
City_59,City_40,330553
City_59,City_11,1140646
City_59,City_23,1145042
City_59,City_4,1097053
City_59,City_25,1201842
City_59,City_15,1697405
City_59,City_27,1238796
City_59,City_55,1745487
City_59,City_39,1302845
City_59,City_49,1664953
City_59,City_17,1674582
City_59,City_38,1510636
City_59,City_0,1434036
City_59,City_1,1415077
City_59,City_22,1110468
City_59,City_2,1412168
City_59,City_18,1682023
City_59,City_50,1692641
City_59,City_60,841244
City_59,City_7,802869
City_59,City_61,1672771
City_16,City_24,1524959
City_16,City_47,642087
City_16,City_31,1438529
City_16,City_54,2929208
City_16,City_53,2943105
City_16,City_19,165407
City_16,City_12,1772205
City_16,City_46,800076
City_16,City_45,798264
City_16,City_51,645039
City_16,City_6,1423157
City_16,City_20,147166
City_16,City_56,1257111
City_16,City_35,2006477
City_16,City_48,566292
City_16,City_57,1252265
City_16,City_58,1273147
City_16,City_42,1007714
City_16,City_13,1872188
City_16,City_14,1871567
City_16,City_37,1385719
City_16,City_30,1522856
City_16,City_5,3069375
City_16,City_41,1339863
City_16,City_52,883950
City_16,City_26,1561808
City_16,City_21,455089
City_16,City_28,1485617
City_16,City_36,1529049
City_16,City_44,1164112
City_16,City_43,1164532
City_16,City_10,1676398
City_16,City_32,810886
City_16,City_33,812418
City_16,City_3,2443004
City_16,City_9,2176208
City_16,City_34,1940623
City_16,City_59,1679389
City_16,City_29,1480185
City_16,City_8,1325030
City_16,City_40,1318531
City_16,City_11,1872065
City_16,City_23,1384455
City_16,City_4,2121143
City_16,City_25,1408998
City_16,City_15,102962
City_16,City_27,1416671
City_16,City_55,2768796
City_16,City_39,1283758
City_16,City_49,1011438
City_16,City_17,41293
City_16,City_38,1378558
City_16,City_0,1448046
City_16,City_1,1468991
City_16,City_22,1389270
City_16,City_2,1449124
City_16,City_18,75266
City_16,City_50,1062845
City_16,City_60,2431163
City_16,City_7,1531065
City_16,City_61,1009056
City_29,City_24,113126
City_29,City_47,1054040
City_29,City_31,50315
City_29,City_54,1772571
City_29,City_53,1786468
City_29,City_19,1549010
City_29,City_12,802487
City_29,City_46,1080603
City_29,City_45,1081620
City_29,City_51,1063196
City_29,City_6,1622804
City_29,City_20,1570375
City_29,City_56,1571218
City_29,City_35,1055284
City_29,City_48,1232638
City_29,City_57,1615355
City_29,City_58,1566113
City_29,City_42,714090
City_29,City_13,1220849
City_29,City_14,1220228
City_29,City_37,218045
City_29,City_30,123863
City_29,City_5,1912738
City_29,City_41,1075709
City_29,City_52,1759358
City_29,City_26,487347
City_29,City_21,1659314
City_29,City_28,26848
City_29,City_36,645685
City_29,City_44,933441
City_29,City_43,932214
City_29,City_10,557828
City_29,City_32,724853
City_29,City_33,712309
City_29,City_3,1726314
City_29,City_9,898153
City_29,City_34,1048197
City_29,City_59,1277509
City_29,City_16,1479207
City_29,City_8,208654
City_29,City_40,1054377
City_29,City_11,594011
City_29,City_23,152640
City_29,City_4,1102142
City_29,City_25,111374
City_29,City_15,1438098
City_29,City_27,76405
City_29,City_55,1612158
City_29,City_39,239545
City_29,City_49,686968
City_29,City_17,1474578
City_29,City_38,274462
City_29,City_0,157787
City_29,City_1,138828
City_29,City_22,182653
City_29,City_2,135919
City_29,City_18,1461475
City_29,City_50,642752
City_29,City_60,2100599
City_29,City_7,1875840
City_29,City_61,693511
City_8,City_24,315821
City_8,City_47,855612
City_8,City_31,286533
City_8,City_54,1744620
City_8,City_53,1758518
City_8,City_19,1393319
City_8,City_12,691236
City_8,City_46,882175
City_8,City_45,883192
City_8,City_51,1024310
City_8,City_6,1432347
City_8,City_20,1414684
City_8,City_56,1380761
City_8,City_35,1028626
City_8,City_48,1034210
City_8,City_57,1424898
City_8,City_58,1375652
City_8,City_42,523629
City_8,City_13,1098856
City_8,City_14,1098235
City_8,City_37,416559
City_8,City_30,207320
City_8,City_5,1884788
City_8,City_41,885252
City_8,City_52,1560930
City_8,City_26,376096
City_8,City_21,1460886
City_8,City_28,236836
City_8,City_36,523692
City_8,City_44,742984
City_8,City_43,741757
City_8,City_10,481112
City_8,City_32,534572
City_8,City_33,513881
City_8,City_3,1664817
City_8,City_9,880719
City_8,City_34,1005767
City_8,City_59,1087052
City_8,City_16,1324160
City_8,City_29,210781
City_8,City_40,863920
City_8,City_11,576577
City_8,City_23,63984
City_8,City_4,1079458
City_8,City_25,108377
City_8,City_15,1282408
City_8,City_27,145331
City_8,City_55,1584209
City_8,City_39,251160
City_8,City_49,748856
City_8,City_17,1316427
City_8,City_38,458952
City_8,City_0,394005
City_8,City_1,375046
City_8,City_22,76644
City_8,City_2,372137
City_8,City_18,1305784
City_8,City_50,750506
City_8,City_60,1910142
City_8,City_7,1685383
City_8,City_61,756674
City_40,City_24,1104157
City_40,City_47,724864
City_40,City_31,1092687
City_40,City_54,1943450
City_40,City_53,1957347
City_40,City_19,1458657
City_40,City_12,782910
City_40,City_46,530121
City_40,City_45,531035
City_40,City_51,1424930
City_40,City_6,625289
City_40,City_20,1460958
City_40,City_56,677690
City_40,City_35,1020719
City_40,City_48,761665
City_40,City_57,724261
City_40,City_58,659202
City_40,City_42,440805
City_40,City_13,731444
City_40,City_14,731140
City_40,City_37,1240574
City_40,City_30,990607
City_40,City_5,2083617
City_40,City_41,26442
City_40,City_52,1064878
City_40,City_26,757227
City_40,City_21,1228217
City_40,City_28,1042990
City_40,City_36,600610
City_40,City_44,165480
City_40,City_43,168082
City_40,City_10,816572
City_40,City_32,795302
City_40,City_33,775483
City_40,City_3,1144879
City_40,City_9,1382282
City_40,City_34,954865
City_40,City_59,351118
City_40,City_16,1316217
City_40,City_29,1060929
City_40,City_8,861382
City_40,City_11,1079795
City_40,City_23,917372
City_40,City_4,1135385
City_40,City_25,974172
City_40,City_15,1373789
City_40,City_27,1011126
City_40,City_55,1783038
City_40,City_39,1084309
City_40,City_49,1341337
City_40,City_17,1350966
City_40,City_38,1282967
City_40,City_0,1200159
City_40,City_1,1181200
City_40,City_22,882798
City_40,City_2,1178291
City_40,City_18,1358407
City_40,City_50,1369025
City_40,City_60,1174208
City_40,City_7,844053
City_40,City_61,1349155
City_11,City_24,536645
City_11,City_47,1362050
City_11,City_31,621969
City_11,City_54,1229682
City_11,City_53,1243579
City_11,City_19,1956939
City_11,City_12,362376
City_11,City_46,1317436
City_11,City_45,1318350
City_11,City_51,1586683
City_11,City_6,1684323
City_11,City_20,1972087
City_11,City_56,1736724
City_11,City_35,585880
City_11,City_48,1540648
City_11,City_57,1783295
City_11,City_58,1718236
City_11,City_42,988656
City_11,City_13,744700
City_11,City_14,747311
City_11,City_37,771610
City_11,City_30,472679
City_11,City_5,1369849
City_11,City_41,1079467
City_11,City_52,1996675
City_11,City_26,371227
City_11,City_21,1967324
City_11,City_28,570543
City_11,City_36,522615
City_11,City_44,952456
City_11,City_43,955397
City_11,City_10,270054
City_11,City_32,1079368
City_11,City_33,1059549
City_11,City_3,1251131
City_11,City_9,351994
City_11,City_34,597407
City_11,City_59,1117251
City_11,City_16,1869828
City_11,City_29,593516
City_11,City_8,572786
City_11,City_40,1058135
City_11,City_23,555152
City_11,City_4,601867
City_11,City_25,602919
City_11,City_15,1848702
City_11,City_27,582502
City_11,City_55,1069270
City_11,City_39,770236
City_11,City_49,1258622
City_11,City_17,1861756
City_11,City_38,828027
City_11,City_0,683324
City_11,City_1,664026
City_11,City_22,515364
City_11,City_2,659673
City_11,City_18,1860410
City_11,City_50,1214067
City_11,City_60,1868336
City_11,City_7,1903087
City_11,City_61,1264826
City_23,City_24,220652
City_23,City_47,913046
City_23,City_31,191489
City_23,City_54,1726092
City_23,City_53,1739989
City_23,City_19,1450753
City_23,City_12,694972
City_23,City_46,939609
City_23,City_45,940626
City_23,City_51,1081744
City_23,City_6,1481810
City_23,City_20,1472118
City_23,City_56,1430224
City_23,City_35,1019566
City_23,City_48,1091644
City_23,City_57,1474361
City_23,City_58,1425119
City_23,City_42,573096
City_23,City_13,1108121
City_23,City_14,1107500
City_23,City_37,336472
City_23,City_30,159938
City_23,City_5,1866259
City_23,City_41,934715
City_23,City_52,1618364
City_23,City_26,379832
City_23,City_21,1518320
City_23,City_28,141792
City_23,City_36,532957
City_23,City_44,792447
City_23,City_43,791220
City_23,City_10,484848
City_23,City_32,592006
City_23,City_33,571315
City_23,City_3,1668553
City_23,City_9,862190
City_23,City_34,1009503
City_23,City_59,1136515
City_23,City_16,1381594
City_23,City_29,153935
City_23,City_8,67660
City_23,City_40,913383
City_23,City_11,557727
City_23,City_4,1066424
City_23,City_25,57890
City_23,City_15,1339841
City_23,City_27,94844
City_23,City_55,1565680
City_23,City_39,225207
City_23,City_49,731133
City_23,City_17,1373861
City_23,City_38,385004
City_23,City_0,298961
City_23,City_1,280002
City_23,City_22,47867
City_23,City_2,277093
City_23,City_18,1363218
City_23,City_50,686917
City_23,City_60,1959605
City_23,City_7,1734846
City_23,City_61,737676
City_4,City_24,1083104
City_4,City_47,1487226
City_4,City_31,1137844
City_4,City_54,843114
City_4,City_53,857011
City_4,City_19,2221021
City_4,City_12,434392
City_4,City_46,1394154
City_4,City_45,1395068
City_4,City_51,2013569
City_4,City_6,1683980
City_4,City_20,2223320
City_4,City_56,1736381
City_4,City_35,136696
City_4,City_48,1625698
City_4,City_57,1782952
City_4,City_58,1717893
City_4,City_42,1136874
City_4,City_13,470617
City_4,City_14,473228
City_4,City_37,1318069
City_4,City_30,995803
City_4,City_5,983281
City_4,City_41,1145754
City_4,City_52,2073732
City_4,City_26,695673
City_4,City_21,2072789
City_4,City_28,1088147
City_4,City_36,657676
City_4,City_44,1029513
City_4,City_43,1032115
City_4,City_10,608987
City_4,City_32,1399664
City_4,City_33,1379845
City_4,City_3,667980
City_4,City_9,782317
City_4,City_34,201409
City_4,City_59,1078554
City_4,City_16,2121061
City_4,City_29,1107418
City_4,City_8,1056278
City_4,City_40,1134853
City_4,City_11,596968
City_4,City_23,1061534
City_4,City_25,1107347
City_4,City_15,2122558
City_4,City_27,1144301
City_4,City_55,682702
City_4,City_39,1274664
City_4,City_49,1780590
City_4,City_17,2113328
City_4,City_38,1374486
City_4,City_0,1229783
City_4,City_1,1210486
City_4,City_22,1019792
City_4,City_2,1206132
City_4,City_18,2120769
City_4,City_50,1736374
City_4,City_60,1627879
City_4,City_7,1871115
City_4,City_61,1787133
City_25,City_24,185920
City_25,City_47,947205
City_25,City_31,146465
City_25,City_54,1771302
City_25,City_53,1785199
City_25,City_19,1455193
City_25,City_12,739828
City_25,City_46,973768
City_25,City_45,974785
City_25,City_51,1045776
City_25,City_6,1536492
City_25,City_20,1476558
City_25,City_56,1484906
City_25,City_35,1064776
City_25,City_48,1125803
City_25,City_57,1529043
City_25,City_58,1479801
City_25,City_42,627778
City_25,City_13,1152977
City_25,City_14,1152356
City_25,City_37,284701
City_25,City_30,154921
City_25,City_5,1911469
City_25,City_41,989397
City_25,City_52,1652523
City_25,City_26,424688
City_25,City_21,1552479
City_25,City_28,101358
City_25,City_36,577813
City_25,City_44,847129
City_25,City_43,845902
City_25,City_10,529704
City_25,City_32,596323
City_25,City_33,605474
City_25,City_3,1713409
City_25,City_9,907400
City_25,City_34,1054359
City_25,City_59,1191197
City_25,City_16,1385390
City_25,City_29,108523
City_25,City_8,122342
City_25,City_40,968065
City_25,City_11,602937
City_25,City_23,57913
City_25,City_4,1111634
City_25,City_15,1344281
City_25,City_27,43073
City_25,City_55,1610890
City_25,City_39,173436
City_25,City_49,679362
City_25,City_17,1380761
City_25,City_38,333233
City_25,City_0,253937
City_25,City_1,234978
City_25,City_22,96233
City_25,City_2,232069
City_25,City_18,1367658
City_25,City_50,635146
City_25,City_60,2014287
City_25,City_7,1789528
City_25,City_61,685905
City_15,City_24,1486055
City_15,City_47,658920
City_15,City_31,1399624
City_15,City_54,2928120
City_15,City_53,2942017
City_15,City_19,122723
City_15,City_12,1765071
City_15,City_46,863538
City_15,City_45,861731
City_15,City_51,552707
City_15,City_6,1474338
City_15,City_20,144088
City_15,City_56,1355672
City_15,City_35,2023310
City_15,City_48,622691
City_15,City_57,1350826
City_15,City_58,1371708
City_15,City_42,1024547
City_15,City_13,1889021
City_15,City_14,1888400
City_15,City_37,1346815
City_15,City_30,1479131
City_15,City_5,3068287
City_15,City_41,1397636
City_15,City_52,982511
City_15,City_26,1541962
City_15,City_21,553650
City_15,City_28,1446713
City_15,City_36,1518492
City_15,City_44,1221885
City_15,City_43,1222300
City_15,City_10,1656552
City_15,City_32,791040
City_15,City_33,792572
City_15,City_3,2459837
City_15,City_9,2156361
City_15,City_34,1957456
City_15,City_59,1737162
City_15,City_16,102949
City_15,City_29,1441281
City_15,City_8,1284215
City_15,City_40,1376304
City_15,City_11,1851898
City_15,City_23,1343640
City_15,City_4,2124411
City_15,City_25,1368183
City_15,City_27,1377767
City_15,City_55,2767708
City_15,City_39,1244854
City_15,City_49,919106
City_15,City_17,92272
City_15,City_38,1339654
City_15,City_0,1409142
City_15,City_1,1430087
City_15,City_22,1348455
City_15,City_2,1410220
City_15,City_18,58669
City_15,City_50,970513
City_15,City_60,2487562
City_15,City_7,1629626
City_15,City_61,916725
City_27,City_24,172042
City_27,City_47,1005492
City_27,City_31,114585
City_27,City_54,1760901
City_27,City_53,1774798
City_27,City_19,1485348
City_27,City_12,777379
City_27,City_46,1015746
City_27,City_45,1016763
City_27,City_51,1036924
City_27,City_6,1574043
City_27,City_20,1506713
City_27,City_56,1522457
City_27,City_35,1054375
City_27,City_48,1167781
City_27,City_57,1566594
City_27,City_58,1517352
City_27,City_42,665329
City_27,City_13,1190528
City_27,City_14,1189907
City_27,City_37,251408
City_27,City_30,136733
City_27,City_5,1901068
City_27,City_41,1026948
City_27,City_52,1694501
City_27,City_26,462239
City_27,City_21,1594457
City_27,City_28,69478
City_27,City_36,615364
City_27,City_44,884680
City_27,City_43,883453
City_27,City_10,556919
City_27,City_32,650879
City_27,City_33,647452
City_27,City_3,1750960
City_27,City_9,888908
City_27,City_34,1047288
City_27,City_59,1228748
City_27,City_16,1415545
City_27,City_29,76643
City_27,City_8,159893
City_27,City_40,1005616
City_27,City_11,584445
City_27,City_23,95464
City_27,City_4,1101233
City_27,City_25,46299
City_27,City_15,1374436
City_27,City_55,1600489
City_27,City_39,164584
City_27,City_49,658576
City_27,City_17,1410916
City_27,City_38,299940
City_27,City_0,227931
City_27,City_1,216223
City_27,City_22,133784
City_27,City_2,202129
City_27,City_18,1397813
City_27,City_50,614360
City_27,City_60,2051838
City_27,City_7,1827079
City_27,City_61,665119
City_55,City_24,1554957
City_55,City_47,2138289
City_55,City_31,1640281
City_55,City_54,259826
City_55,City_53,246858
City_55,City_19,2872082
City_55,City_12,1031163
City_55,City_46,2045217
City_55,City_45,2046131
City_55,City_51,2611335
City_55,City_6,2351007
City_55,City_20,2874383
City_55,City_56,2403408
City_55,City_35,803723
City_55,City_48,2276761
City_55,City_57,2449979
City_55,City_58,2384920
City_55,City_42,1787937
City_55,City_13,1137644
City_55,City_14,1140255
City_55,City_37,1789922
City_55,City_30,1487952
City_55,City_5,302852
City_55,City_41,1807248
City_55,City_52,2724795
City_55,City_26,1255942
City_55,City_21,2723852
City_55,City_28,1588855
City_55,City_36,1254447
City_55,City_44,1680576
City_55,City_43,1683178
City_55,City_10,1122501
City_55,City_32,1996435
City_55,City_33,1976616
City_55,City_3,1319819
City_55,City_9,632122
City_55,City_34,868436
City_55,City_59,1745581
City_55,City_16,2772124
City_55,City_29,1611828
City_55,City_8,1579871
City_55,City_40,1785916
City_55,City_11,1068958
City_55,City_23,1562237
City_55,City_4,686900
City_55,City_25,1610004
City_55,City_15,2766108
City_55,City_27,1597775
City_55,City_39,1777321
City_55,City_49,2276934
City_55,City_17,2764391
City_55,City_38,1846339
City_55,City_0,1701636
City_55,City_1,1682338
City_55,City_22,1522449
City_55,City_2,1677985
City_55,City_18,2771832
City_55,City_50,2232718
City_55,City_60,2294829
City_55,City_7,2538142
City_55,City_61,2283477
City_39,City_24,285891
City_39,City_47,874045
City_39,City_31,199460
City_39,City_54,1939699
City_39,City_53,1953596
City_39,City_19,1353901
City_39,City_12,908225
City_39,City_46,940351
City_39,City_45,941368
City_39,City_51,905477
City_39,City_6,1588240
City_39,City_20,1375266
City_39,City_56,1528030
City_39,City_35,1233173
City_39,City_48,1060670
City_39,City_57,1572167
City_39,City_58,1522925
City_39,City_42,669189
City_39,City_13,1321374
City_39,City_14,1320753
City_39,City_37,201863
City_39,City_30,302755
City_39,City_5,2079866
City_39,City_41,1105076
City_39,City_52,1619106
City_39,City_26,593085
City_39,City_21,1486467
City_39,City_28,235500
City_39,City_36,746210
City_39,City_44,947686
City_39,City_43,946459
City_39,City_10,698101
City_39,City_32,509217
City_39,City_33,504801
City_39,City_3,1881806
City_39,City_9,1075797
City_39,City_34,1222756
City_39,City_59,1299019
City_39,City_16,1284098
City_39,City_29,241117
City_39,City_8,290739
City_39,City_40,1083744
City_39,City_11,771334
City_39,City_23,226310
City_39,City_4,1280031
City_39,City_25,177145
City_39,City_15,1242989
City_39,City_27,166554
City_39,City_55,1779287
City_39,City_49,539063
City_39,City_17,1279469
City_39,City_38,217722
City_39,City_0,216291
City_39,City_1,237236
City_39,City_22,264630
City_39,City_2,217369
City_39,City_18,1266366
City_39,City_50,494847
City_39,City_60,2122109
City_39,City_7,1832652
City_39,City_61,545606
City_49,City_24,731507
City_49,City_47,829992
City_49,City_31,646312
City_49,City_54,2438070
City_49,City_53,2451967
City_49,City_19,1019659
City_49,City_12,1414266
City_49,City_46,1043363
City_49,City_45,1041556
City_49,City_51,381952
City_49,City_6,1818186
City_49,City_20,1041024
City_49,City_56,1757976
City_49,City_35,1722564
City_49,City_48,1016617
City_49,City_57,1775258
City_49,City_58,1752871
City_49,City_42,906757
City_49,City_13,1781893
City_49,City_14,1781272
City_49,City_37,518492
City_49,City_30,789362
City_49,City_5,2578237
City_49,City_41,1362823
City_49,City_52,1611197
City_49,City_26,1099126
City_49,City_21,1366829
City_49,City_28,698036
City_49,City_36,1206729
City_49,City_44,1205433
City_49,City_43,1204206
City_49,City_10,1204142
City_49,City_32,553834
City_49,City_33,575420
City_49,City_3,2361366
City_49,City_9,1563652
City_49,City_34,1728797
City_49,City_59,1702482
City_49,City_16,1011641
City_49,City_29,687969
City_49,City_8,746708
City_49,City_40,1341491
City_49,City_11,1259189
City_49,City_23,732351
City_49,City_4,1769422
City_49,City_25,683186
City_49,City_15,920526
City_49,City_27,659734
City_49,City_55,2277658
City_49,City_39,539682
City_49,City_17,998902
City_49,City_38,461683
City_49,City_0,628905
City_49,City_1,665724
City_49,City_22,770671
City_49,City_2,645857
City_49,City_18,965382
City_49,City_50,53828
City_49,City_60,2525572
City_49,City_7,2062598
City_49,City_61,7456
City_17,City_24,1521896
City_17,City_47,634581
City_17,City_31,1435465
City_17,City_54,2921702
City_17,City_53,2935599
City_17,City_19,127478
City_17,City_12,1764699
City_17,City_46,821844
City_17,City_45,820037
City_17,City_51,632222
City_17,City_6,1439712
City_17,City_20,120534
City_17,City_56,1294276
City_17,City_35,1998971
City_17,City_48,588065
City_17,City_57,1289430
City_17,City_58,1310312
City_17,City_42,1000208
City_17,City_13,1864682
City_17,City_14,1864061
City_17,City_37,1382656
City_17,City_30,1515350
City_17,City_5,3061869
City_17,City_41,1373297
City_17,City_52,921115
City_17,City_26,1554302
City_17,City_21,492254
City_17,City_28,1482554
City_17,City_36,1521543
City_17,City_44,1197546
City_17,City_43,1197961
City_17,City_10,1668892
City_17,City_32,803380
City_17,City_33,804912
City_17,City_3,2435498
City_17,City_9,2168701
City_17,City_34,1933117
City_17,City_59,1712823
City_17,City_16,41553
City_17,City_29,1477122
City_17,City_8,1317524
City_17,City_40,1351965
City_17,City_11,1864238
City_17,City_23,1376949
City_17,City_4,2113637
City_17,City_25,1401492
City_17,City_15,95366
City_17,City_27,1413608
City_17,City_55,2761290
City_17,City_39,1280695
City_17,City_49,998621
City_17,City_38,1375495
City_17,City_0,1444983
City_17,City_1,1465928
City_17,City_22,1381764
City_17,City_2,1446061
City_17,City_18,38481
City_17,City_50,1050028
City_17,City_60,2452936
City_17,City_7,1568230
City_17,City_61,996240
City_38,City_24,297780
City_38,City_47,970044
City_38,City_31,232440
City_38,City_54,2005976
City_38,City_53,2019873
City_38,City_19,1449900
City_38,City_12,1055895
City_38,City_46,1145307
City_38,City_45,1146324
City_38,City_51,838074
City_38,City_6,1793196
City_38,City_20,1471265
City_38,City_56,1732986
City_38,City_35,1308692
City_38,City_48,1156669
City_38,City_57,1777123
City_38,City_58,1727881
City_38,City_42,874145
City_38,City_13,1474257
City_38,City_14,1473636
City_38,City_37,67652
City_38,City_30,375490
City_38,City_5,2146143
City_38,City_41,1304477
City_38,City_52,1751249
City_38,City_26,740755
City_38,City_21,1582466
City_38,City_28,284164
City_38,City_36,899093
City_38,City_44,1162209
City_38,City_43,1160982
City_38,City_10,811236
City_38,City_32,655580
City_38,City_33,650409
City_38,City_3,1979722
City_38,City_9,1131558
City_38,City_34,1301605
City_38,City_59,1506277
City_38,City_16,1380097
City_38,City_29,274097
City_38,City_8,448743
City_38,City_40,1283145
City_38,City_11,827095
City_38,City_23,384314
City_38,City_4,1378382
City_38,City_25,335149
City_38,City_15,1338988
City_38,City_27,299960
City_38,City_55,1845564
City_38,City_39,224523
City_38,City_49,461846
City_38,City_17,1375468
City_38,City_0,192391
City_38,City_1,231672
City_38,City_22,422634
City_38,City_2,211805
City_38,City_18,1362365
City_38,City_50,417630
City_38,City_60,2329367
City_38,City_7,2037608
City_38,City_61,468389
City_0,City_24,155735
City_0,City_47,1038299
City_0,City_31,117565
City_0,City_54,1863931
City_0,City_53,1877828
City_0,City_19,1518155
City_0,City_12,922795
City_0,City_46,1151682
City_0,City_45,1152699
City_0,City_51,1004479
City_0,City_6,1763841
City_0,City_20,1539520
City_0,City_56,1712255
City_0,City_35,1201804
City_0,City_48,1224924
City_0,City_57,1756392
City_0,City_58,1707150
City_0,City_42,842098
City_0,City_13,1344060
City_0,City_14,1344743
City_0,City_37,136569
City_0,City_30,252671
City_0,City_5,2004098
City_0,City_41,1221971
City_0,City_52,1819504
City_0,City_26,625876
City_0,City_21,1650721
City_0,City_28,169285
City_0,City_36,784214
City_0,City_44,1079703
City_0,City_43,1078476
City_0,City_10,721273
City_0,City_32,694847
City_0,City_33,690431
City_0,City_3,1885601
City_0,City_9,989513
City_0,City_34,1194717
City_0,City_59,1434704
City_0,City_16,1448352
City_0,City_29,159218
City_0,City_8,354916
City_0,City_40,1200639
City_0,City_11,685050
City_0,City_23,298902
City_0,City_4,1236337
City_0,City_25,259080
City_0,City_15,1407243
City_0,City_27,228615
City_0,City_55,1703519
City_0,City_39,214361
City_0,City_49,628251
City_0,City_17,1443723
City_0,City_38,192986
City_0,City_1,47797
City_0,City_22,328467
City_0,City_2,26341
City_0,City_18,1430620
City_0,City_50,584035
City_0,City_60,2249448
City_0,City_7,2016877
City_0,City_61,634794
City_1,City_24,135012
City_1,City_47,1062126
City_1,City_31,97897
City_1,City_54,1843208
City_1,City_53,1857105
City_1,City_19,1541982
City_1,City_12,902072
City_1,City_46,1152967
City_1,City_45,1153984
City_1,City_51,1044405
City_1,City_6,1749398
City_1,City_20,1563347
City_1,City_56,1697812
City_1,City_35,1181081
City_1,City_48,1248751
City_1,City_57,1741949
City_1,City_58,1692707
City_1,City_42,830289
City_1,City_13,1323337
City_1,City_14,1324020
City_1,City_37,178682
City_1,City_30,231948
City_1,City_5,1983375
City_1,City_41,1202303
City_1,City_52,1843331
City_1,City_26,606208
City_1,City_21,1674548
City_1,City_28,149617
City_1,City_36,764546
City_1,City_44,1060035
City_1,City_43,1058808
City_1,City_10,700550
City_1,City_32,718674
City_1,City_33,714258
City_1,City_3,1864878
City_1,City_9,968790
City_1,City_34,1173994
City_1,City_59,1415036
City_1,City_16,1472179
City_1,City_29,139550
City_1,City_8,335248
City_1,City_40,1180971
City_1,City_11,664327
City_1,City_23,279234
City_1,City_4,1215614
City_1,City_25,239412
City_1,City_15,1431070
City_1,City_27,216880
City_1,City_55,1682796
City_1,City_39,238188
City_1,City_49,668177
City_1,City_17,1467550
City_1,City_38,235099
City_1,City_0,50615
City_1,City_22,308799
City_1,City_2,25038
City_1,City_18,1454447
City_1,City_50,623961
City_1,City_60,2229780
City_1,City_7,2002434
City_1,City_61,674720
City_22,City_24,250210
City_22,City_47,890031
City_22,City_31,220922
City_22,City_54,1685860
City_22,City_53,1699757
City_22,City_19,1457544
City_22,City_12,654386
City_22,City_46,916594
City_22,City_45,917611
City_22,City_51,1088535
City_22,City_6,1451855
City_22,City_20,1478909
City_22,City_56,1400269
City_22,City_35,979334
City_22,City_48,1068629
City_22,City_57,1444406
City_22,City_58,1395164
City_22,City_42,543141
City_22,City_13,1067535
City_22,City_14,1066914
City_22,City_37,374271
City_22,City_30,141709
City_22,City_5,1826027
City_22,City_41,904760
City_22,City_52,1595349
City_22,City_26,339246
City_22,City_21,1495305
City_22,City_28,171225
City_22,City_36,492371
City_22,City_44,762492
City_22,City_43,761265
City_22,City_10,444262
City_22,City_32,598797
City_22,City_33,578106
City_22,City_3,1627967
City_22,City_9,821958
City_22,City_34,968917
City_22,City_59,1106560
City_22,City_16,1388385
City_22,City_29,182178
City_22,City_8,74638
City_22,City_40,883428
City_22,City_11,517495
City_22,City_23,48698
City_22,City_4,1026192
City_22,City_25,95689
City_22,City_15,1346632
City_22,City_27,132643
City_22,City_55,1525448
City_22,City_39,263006
City_22,City_49,768932
City_22,City_17,1380652
City_22,City_38,422803
City_22,City_0,328394
City_22,City_1,309435
City_22,City_2,306526
City_22,City_18,1370009
City_22,City_50,724716
City_22,City_60,1929650
City_22,City_7,1704891
City_22,City_61,775475
City_2,City_24,129962
City_2,City_47,1039975
City_2,City_31,95425
City_2,City_54,1838158
City_2,City_53,1852055
City_2,City_19,1519831
City_2,City_12,897022
City_2,City_46,1138570
City_2,City_45,1139587
City_2,City_51,1022254
City_2,City_6,1737635
City_2,City_20,1541196
City_2,City_56,1686049
City_2,City_35,1176031
City_2,City_48,1226600
City_2,City_57,1730186
City_2,City_58,1680944
City_2,City_42,815892
City_2,City_13,1318287
City_2,City_14,1318970
City_2,City_37,156531
City_2,City_30,226898
City_2,City_5,1978325
City_2,City_41,1199831
City_2,City_52,1821180
City_2,City_26,603736
City_2,City_21,1652397
City_2,City_28,147145
City_2,City_36,762074
City_2,City_44,1057563
City_2,City_43,1056336
City_2,City_10,695500
City_2,City_32,696523
City_2,City_33,692107
City_2,City_3,1859828
City_2,City_9,963740
City_2,City_34,1168944
City_2,City_59,1412564
City_2,City_16,1450028
City_2,City_29,137078
City_2,City_8,332776
City_2,City_40,1178499
City_2,City_11,659277
City_2,City_23,276762
City_2,City_4,1210564
City_2,City_25,236940
City_2,City_15,1408919
City_2,City_27,202483
City_2,City_55,1677746
City_2,City_39,216037
City_2,City_49,646026
City_2,City_17,1445399
City_2,City_38,212948
City_2,City_0,26003
City_2,City_1,24212
City_2,City_22,306327
City_2,City_18,1432296
City_2,City_50,601810
City_2,City_60,2227308
City_2,City_7,1990671
City_2,City_61,652569
City_18,City_24,1506876
City_18,City_47,641056
City_18,City_31,1420445
City_18,City_54,2928177
City_18,City_53,2942074
City_18,City_19,97757
City_18,City_12,1771174
City_18,City_46,845674
City_18,City_45,843867
City_18,City_51,598095
City_18,City_6,1456594
City_18,City_20,119122
City_18,City_56,1329077
City_18,City_35,2005446
City_18,City_48,604947
City_18,City_57,1324231
City_18,City_58,1345113
City_18,City_42,1006683
City_18,City_13,1871157
City_18,City_14,1870536
City_18,City_37,1367636
City_18,City_30,1499952
City_18,City_5,3068344
City_18,City_41,1379772
City_18,City_52,955916
City_18,City_26,1550758
City_18,City_21,527055
City_18,City_28,1467534
City_18,City_36,1528018
City_18,City_44,1204021
City_18,City_43,1204436
City_18,City_10,1665348
City_18,City_32,799836
City_18,City_33,801368
City_18,City_3,2441973
City_18,City_9,2165157
City_18,City_34,1939592
City_18,City_59,1719298
City_18,City_16,76354
City_18,City_29,1462102
City_18,City_8,1305036
City_18,City_40,1358440
City_18,City_11,1860694
City_18,City_23,1364461
City_18,City_4,2120112
City_18,City_25,1389004
City_18,City_15,61239
City_18,City_27,1398588
City_18,City_55,2767765
City_18,City_39,1265675
City_18,City_49,964494
City_18,City_17,37948
City_18,City_38,1360475
City_18,City_0,1429963
City_18,City_1,1450908
City_18,City_22,1369276
City_18,City_2,1431041
City_18,City_50,1015901
City_18,City_60,2469818
City_18,City_7,1603031
City_18,City_61,962113
City_50,City_24,686524
City_50,City_47,859246
City_50,City_31,601329
City_50,City_54,2393087
City_50,City_53,2406984
City_50,City_19,1067812
City_50,City_12,1369283
City_50,City_46,1072617
City_50,City_45,1070810
City_50,City_51,430105
City_50,City_6,1847440
City_50,City_20,1089177
City_50,City_56,1787230
City_50,City_35,1677581
City_50,City_48,1045871
City_50,City_57,1804512
City_50,City_58,1782125
City_50,City_42,936011
City_50,City_13,1782432
City_50,City_14,1781811
City_50,City_37,473509
City_50,City_30,744379
City_50,City_5,2533254
City_50,City_41,1392077
City_50,City_52,1640451
City_50,City_26,1054143
City_50,City_21,1396083
City_50,City_28,653053
City_50,City_36,1207268
City_50,City_44,1234687
City_50,City_43,1233460
City_50,City_10,1159159
City_50,City_32,583088
City_50,City_33,604674
City_50,City_3,2342864
City_50,City_9,1518669
City_50,City_34,1683814
City_50,City_59,1731736
City_50,City_16,1059794
City_50,City_29,642986
City_50,City_8,751797
City_50,City_40,1370745
City_50,City_11,1214206
City_50,City_23,687368
City_50,City_4,1724439
City_50,City_25,638203
City_50,City_15,968679
City_50,City_27,614751
City_50,City_55,2232675
City_50,City_39,494699
City_50,City_49,53877
City_50,City_17,1047055
City_50,City_38,416700
City_50,City_0,583922
City_50,City_1,620741
City_50,City_22,725688
City_50,City_2,600874
City_50,City_18,1013535
City_50,City_60,2554826
City_50,City_7,2091852
City_50,City_61,60420
City_60,City_24,2146402
City_60,City_47,1870194
City_60,City_31,2139696
City_60,City_54,2452450
City_60,City_53,2466347
City_60,City_19,2603987
City_60,City_12,1544430
City_60,City_46,1675451
City_60,City_45,1676365
City_60,City_51,2570260
City_60,City_6,1018272
City_60,City_20,2606288
City_60,City_56,1188890
City_60,City_35,1530059
City_60,City_48,1906995
City_60,City_57,1216554
City_60,City_58,1177643
City_60,City_42,1586135
City_60,City_13,1200879
City_60,City_14,1197949
City_60,City_37,2289958
City_60,City_30,2030473
City_60,City_5,2592617
City_60,City_41,1143573
City_60,City_52,1586184
City_60,City_26,1676196
City_60,City_21,2063354
City_60,City_28,2089999
City_60,City_36,1516366
City_60,City_44,1310810
City_60,City_43,1313412
City_60,City_10,1690555
City_60,City_32,1940632
City_60,City_33,1920813
City_60,City_3,1144574
City_60,City_9,2102316
City_60,City_34,1460994
City_60,City_59,844458
City_60,City_16,2461547
City_60,City_29,2109270
City_60,City_8,1910766
City_60,City_40,1152267
City_60,City_11,1865004
City_60,City_23,1966756
City_60,City_4,1625764
City_60,City_25,2023556
City_60,City_15,2519119
City_60,City_27,2060510
City_60,City_55,2292038
City_60,City_39,2124559
City_60,City_49,2486667
City_60,City_17,2496296
City_60,City_38,2332351
City_60,City_0,2247168
City_60,City_1,2228209
City_60,City_22,1932182
City_60,City_2,2225300
City_60,City_18,2503737
City_60,City_50,2514355
City_60,City_7,1120654
City_60,City_61,2494485
City_7,City_24,1944051
City_7,City_47,1268844
City_7,City_31,1914763
City_7,City_54,2655467
City_7,City_53,2669364
City_7,City_19,1695805
City_7,City_12,1555033
City_7,City_46,1053421
City_7,City_45,1056540
City_7,City_51,1950560
City_7,City_6,258888
City_7,City_20,1677564
City_7,City_56,324199
City_7,City_35,1698077
City_7,City_48,1074254
City_7,City_57,332304
City_7,City_58,330519
City_7,City_42,1178313
City_7,City_13,1369418
City_7,City_14,1369114
City_7,City_37,2042039
City_7,City_30,1829700
City_7,City_5,2795634
City_7,City_41,861291
City_7,City_52,670468
City_7,City_26,1601452
City_7,City_21,1165556
City_7,City_28,1865066
City_7,City_36,1444835
City_7,City_44,1009705
City_7,City_43,1012307
City_7,City_10,1616846
City_7,City_32,1515731
City_7,City_33,1495912
City_7,City_3,1604413
City_7,City_9,2182556
City_7,City_34,1632223
City_7,City_59,774262
City_7,City_16,1535031
City_7,City_29,1883005
City_7,City_8,1683458
City_7,City_40,842683
City_7,City_11,1880069
City_7,City_23,1739448
City_7,City_4,1828696
City_7,City_25,1796248
City_7,City_15,1635588
City_7,City_27,1833202
City_7,City_55,2495055
City_7,City_39,1831518
City_7,City_49,2061766
City_7,City_17,1573919
City_7,City_38,2035402
City_7,City_0,2018448
City_7,City_1,2006725
City_7,City_22,1704874
City_7,City_2,1992631
City_7,City_18,1607892
City_7,City_50,2089454
City_7,City_60,1123294
City_7,City_61,2069584
City_61,City_24,737763
City_61,City_47,831613
City_61,City_31,652568
City_61,City_54,2444326
City_61,City_53,2458223
City_61,City_19,1014465
City_61,City_12,1420522
City_61,City_46,1044984
City_61,City_45,1043177
City_61,City_51,376758
City_61,City_6,1819807
City_61,City_20,1035830
City_61,City_56,1759597
City_61,City_35,1728820
City_61,City_48,1018238
City_61,City_57,1776879
City_61,City_58,1754492
City_61,City_42,908378
City_61,City_13,1783514
City_61,City_14,1782893
City_61,City_37,524748
City_61,City_30,795618
City_61,City_5,2584493
City_61,City_41,1364444
City_61,City_52,1612818
City_61,City_26,1105382
City_61,City_21,1368450
City_61,City_28,704292
City_61,City_36,1208350
City_61,City_44,1207054
City_61,City_43,1205827
City_61,City_10,1210398
City_61,City_32,555455
City_61,City_33,577041
City_61,City_3,2362987
City_61,City_9,1569908
City_61,City_34,1732935
City_61,City_59,1704103
City_61,City_16,1006447
City_61,City_29,694225
City_61,City_8,748329
City_61,City_40,1343112
City_61,City_11,1265445
City_61,City_23,738607
City_61,City_4,1775678
City_61,City_25,689442
City_61,City_15,915332
City_61,City_27,665990
City_61,City_55,2283914
City_61,City_39,545938
City_61,City_49,6010
City_61,City_17,993708
City_61,City_38,467939
City_61,City_0,635161
City_61,City_1,671980
City_61,City_22,776927
City_61,City_2,652113
City_61,City_18,960188
City_61,City_50,60084
City_61,City_60,2527193
City_61,City_7,2064219
